,id,Sn_ratio,Se_ratio,Na,Na_ratio,dopant_name,dopant,dopant_ratio,direction,temp,ZT
0,TY0000,0.9801,1.0,Na,0.01,Li,3,0.0099,0,780,1.221317133326164
1,TY0001,0.9801,1.0,Na,0.01,Li,3,0.0099,1,780,0.834510961341082
2,TY0002,0.9702,1.0,Na,0.01,Li,3,0.0099,0,780,1.43886006585368
3,TY0003,0.9702,1.0,Na,0.01,Li,3,0.0099,1,780,0.9242658301665924
4,TY0004,0.9603,1.0,Na,0.01,Li,3,0.0099,0,780,1.4390511968530348
5,TY0005,0.9603,1.0,Na,0.01,Li,3,0.0099,1,780,0.9606219211885096
6,TY0006,0.9702,1.0,Na,0.01,Li,3,0.0198,0,780,1.2711205508913077
7,TY0007,0.9702,1.0,Na,0.01,Li,3,0.0198,1,780,0.8278579357195913
8,TY0008,0.9603,1.0,Na,0.01,Li,3,0.0198,0,780,1.5014158048871529
9,TY0009,0.9603,1.0,Na,0.01,Li,3,0.0198,1,780,1.0052876466849077
10,TY0010,0.9504,1.0,Na,0.01,Li,3,0.0198,0,780,1.5785429069765813
11,TY0011,0.9504,1.0,Na,0.01,Li,3,0.0198,1,780,1.03810598125679
12,TY0012,0.9603,1.0,Na,0.01,Li,3,0.0296999999999999,0,780,1.3905134417782612
13,TY0013,0.9603,1.0,Na,0.01,Li,3,0.0296999999999999,1,780,0.8884822528313268
14,TY0014,0.9504,1.0,Na,0.01,Li,3,0.0296999999999999,0,780,1.7042574854001835
15,TY0015,0.9504,1.0,Na,0.01,Li,3,0.0296999999999999,1,780,1.1094611316010456
16,TY0016,0.9405,1.0,Na,0.01,Li,3,0.0296999999999999,0,780,1.4428747429396245
17,TY0017,0.9405,1.0,Na,0.01,Li,3,0.0296999999999999,1,780,1.0467969888805757
18,TY0018,0.9504,1.0,Na,0.01,Li,3,0.0396,0,780,1.3783777470183871
19,TY0019,0.9504,1.0,Na,0.01,Li,3,0.0396,1,780,0.921190237566958
20,TY0020,0.9405,1.0,Na,0.01,Li,3,0.0396,0,800,1.4269017510272766
21,TY0021,0.9405,1.0,Na,0.01,Li,3,0.0396,1,800,1.062774751744308
22,TY0022,0.9405,1.0,Na,0.01,Li,3,0.0495,0,780,1.1884678581060453
23,TY0023,0.9405,1.0,Na,0.01,Li,3,0.0495,1,780,0.9683616622854222
24,TY0024,0.9801,1.0,Na,0.01,Na,11,0.0099,0,780,1.0688896703862547
25,TY0025,0.9801,1.0,Na,0.01,Na,11,0.0099,1,780,0.7998696580782786
26,TY0026,0.9702,1.0,Na,0.01,Na,11,0.0099,0,780,1.4714647614374836
27,TY0027,0.9702,1.0,Na,0.01,Na,11,0.0099,1,780,0.9108020488009332
28,TY0028,0.9603,1.0,Na,0.01,Na,11,0.0099,0,780,1.5348353118018998
29,TY0029,0.9603,1.0,Na,0.01,Na,11,0.0099,1,780,0.9864634600792982
30,TY0030,0.9702,1.0,Na,0.01,Na,11,0.0198,0,780,0.9405305583791356
31,TY0031,0.9702,1.0,Na,0.01,Na,11,0.0198,1,780,0.7120793364922774
32,TY0032,0.9603,1.0,Na,0.01,Na,11,0.0198,0,780,1.3177948155102182
33,TY0033,0.9603,1.0,Na,0.01,Na,11,0.0198,1,780,0.9062695755944976
34,TY0034,0.9504,1.0,Na,0.01,Na,11,0.0198,0,780,1.554322641201353
35,TY0035,0.9504,1.0,Na,0.01,Na,11,0.0198,1,780,1.0783227800203723
36,TY0036,0.9603,1.0,Na,0.01,Na,11,0.0296999999999999,0,780,1.108792103248671
37,TY0037,0.9603,1.0,Na,0.01,Na,11,0.0296999999999999,1,780,0.8224810407959716
38,TY0038,0.9504,1.0,Na,0.01,Na,11,0.0296999999999999,0,780,1.3626352096979075
39,TY0039,0.9504,1.0,Na,0.01,Na,11,0.0296999999999999,1,780,0.9252868272154572
40,TY0040,0.9405,1.0,Na,0.01,Na,11,0.0296999999999999,0,780,1.3686211821222791
41,TY0041,0.9405,1.0,Na,0.01,Na,11,0.0296999999999999,1,780,0.9682817821797446
42,TY0042,0.9504,1.0,Na,0.01,Na,11,0.0396,0,740,1.1061831218651852
43,TY0043,0.9504,1.0,Na,0.01,Na,11,0.0396,1,740,0.832179631613213
44,TY0044,0.9405,1.0,Na,0.01,Na,11,0.0396,0,780,1.0818361814855233
45,TY0045,0.9405,1.0,Na,0.01,Na,11,0.0396,1,780,0.8196657609737213
46,TY0046,0.9405,1.0,Na,0.01,Na,11,0.0495,0,780,0.9949367396987394
47,TY0047,0.9405,1.0,Na,0.01,Na,11,0.0495,1,780,0.8826268757375634
48,TY0048,0.9801,1.0,Na,0.01,Mg,12,0.0099,0,780,1.0818970551259184
49,TY0049,0.9801,1.0,Na,0.01,Mg,12,0.0099,1,780,0.7403795945377996
50,TY0050,0.9702,1.0,Na,0.01,Mg,12,0.0099,0,780,1.552015253499068
51,TY0051,0.9702,1.0,Na,0.01,Mg,12,0.0099,1,780,0.9463771448051084
52,TY0052,0.9603,1.0,Na,0.01,Mg,12,0.0099,0,780,1.5974877972278732
53,TY0053,0.9603,1.0,Na,0.01,Mg,12,0.0099,1,780,1.0545371332832918
54,TY0054,0.9702,1.0,Na,0.01,Mg,12,0.0198,0,780,1.0555508387144927
55,TY0055,0.9702,1.0,Na,0.01,Mg,12,0.0198,1,780,0.6818411245362344
56,TY0056,0.9603,1.0,Na,0.01,Mg,12,0.0198,0,780,1.4854181978059935
57,TY0057,0.9603,1.0,Na,0.01,Mg,12,0.0198,1,780,0.9895507996634346
58,TY0058,0.9504,1.0,Na,0.01,Mg,12,0.0198,0,780,1.6510039016195068
59,TY0059,0.9504,1.0,Na,0.01,Mg,12,0.0198,1,780,1.094279028585639
60,TY0060,0.9801,1.0,Na,0.01,P,15,0.0099,0,780,1.1886844646807315
61,TY0061,0.9801,1.0,Na,0.01,P,15,0.0099,1,780,0.8186902403498681
62,TY0062,0.9702,1.0,Na,0.01,P,15,0.0099,0,780,1.269781556566202
63,TY0063,0.9702,1.0,Na,0.01,P,15,0.0099,1,780,0.8436218400314308
64,TY0064,0.9603,1.0,Na,0.01,P,15,0.0099,0,780,1.2449600604902282
65,TY0065,0.9603,1.0,Na,0.01,P,15,0.0099,1,780,0.8663078746305917
66,TY0066,0.9702,1.0,Na,0.01,P,15,0.0198,0,780,1.2640958632304016
67,TY0067,0.9702,1.0,Na,0.01,P,15,0.0198,1,780,0.8861242495476036
68,TY0068,0.9603,1.0,Na,0.01,P,15,0.0198,0,720,1.2628475770236185
69,TY0069,0.9603,1.0,Na,0.01,P,15,0.0198,1,740,0.8322522258746554
70,TY0070,0.9504,1.0,Na,0.01,P,15,0.0198,0,760,1.3026314140254271
71,TY0071,0.9504,1.0,Na,0.01,P,15,0.0198,1,760,0.8914833667734933
72,TY0072,0.9603,1.0,Na,0.01,P,15,0.0296999999999999,0,820,1.12833811641281
73,TY0073,0.9603,1.0,Na,0.01,P,15,0.0296999999999999,1,820,0.8168433433226714
74,TY0074,0.9504,1.0,Na,0.01,P,15,0.0296999999999999,0,780,1.1025111492753268
75,TY0075,0.9504,1.0,Na,0.01,P,15,0.0296999999999999,1,780,0.7710855812848
76,TY0076,0.9405,1.0,Na,0.01,P,15,0.0296999999999999,0,780,1.081610506614325
77,TY0077,0.9405,1.0,Na,0.01,P,15,0.0296999999999999,1,780,0.8088494219728716
78,TY0078,0.9504,1.0,Na,0.01,P,15,0.0396,0,780,0.9572189717320596
79,TY0079,0.9504,1.0,Na,0.01,P,15,0.0396,1,780,0.6770989038432602
80,TY0080,0.9405,1.0,Na,0.01,P,15,0.0396,0,820,0.9284757642044552
81,TY0081,0.9405,1.0,Na,0.01,P,15,0.0396,1,820,0.6656262036800128
82,TY0082,0.9801,1.0,Na,0.01,K,19,0.0099,0,800,1.2446384783681772
83,TY0083,0.9801,1.0,Na,0.01,K,19,0.0099,1,800,0.916019165309016
84,TY0084,0.9702,1.0,Na,0.01,K,19,0.0099,0,780,1.4467667421247432
85,TY0085,0.9702,1.0,Na,0.01,K,19,0.0099,1,800,0.9272890029388008
86,TY0086,0.9603,1.0,Na,0.01,K,19,0.0099,0,780,1.491709280347378
87,TY0087,0.9603,1.0,Na,0.01,K,19,0.0099,1,800,0.9928498116676632
88,TY0088,0.9702,1.0,Na,0.01,K,19,0.0198,0,800,1.0690823296322365
89,TY0089,0.9702,1.0,Na,0.01,K,19,0.0198,1,800,0.7906170899372246
90,TY0090,0.9603,1.0,Na,0.01,K,19,0.0198,0,780,1.3565285942078105
91,TY0091,0.9603,1.0,Na,0.01,K,19,0.0198,1,800,0.907587143851993
92,TY0092,0.9504,1.0,Na,0.01,K,19,0.0198,0,780,1.6015741603164713
93,TY0093,0.9504,1.0,Na,0.01,K,19,0.0198,1,780,1.0532489309849176
94,TY0094,0.9603,1.0,Na,0.01,K,19,0.0296999999999999,0,780,1.1328300625801613
95,TY0095,0.9603,1.0,Na,0.01,K,19,0.0296999999999999,1,780,0.8153012903931595
96,TY0096,0.9504,1.0,Na,0.01,K,19,0.0296999999999999,0,780,1.28514837943423
97,TY0097,0.9504,1.0,Na,0.01,K,19,0.0296999999999999,1,780,0.9148598882647444
98,TY0098,0.9405,1.0,Na,0.01,K,19,0.0296999999999999,0,800,1.3574967809263565
99,TY0099,0.9405,1.0,Na,0.01,K,19,0.0296999999999999,1,800,0.9529511649730118
100,TY0100,0.9504,1.0,Na,0.01,K,19,0.0396,0,780,1.1240472973903282
101,TY0101,0.9504,1.0,Na,0.01,K,19,0.0396,1,780,0.8573113180111425
102,TY0102,0.9405,1.0,Na,0.01,K,19,0.0396,0,800,1.1964970725759516
103,TY0103,0.9405,1.0,Na,0.01,K,19,0.0396,1,800,0.9408694926205936
104,TY0104,0.9405,1.0,Na,0.01,K,19,0.0495,0,820,1.0547574492751188
105,TY0105,0.9405,1.0,Na,0.01,K,19,0.0495,1,820,0.8179228774178238
106,TY0106,0.9801,1.0,Na,0.01,Ca,20,0.0099,0,800,1.0872149697751732
107,TY0107,0.9801,1.0,Na,0.01,Ca,20,0.0099,1,800,0.7997373244700929
108,TY0108,0.9702,1.0,Na,0.01,Ca,20,0.0099,0,780,1.43897027016728
109,TY0109,0.9702,1.0,Na,0.01,Ca,20,0.0099,1,780,0.9048489325024288
110,TY0110,0.9603,1.0,Na,0.01,Ca,20,0.0099,0,780,1.5443253832178248
111,TY0111,0.9603,1.0,Na,0.01,Ca,20,0.0099,1,780,1.0225014916557145
112,TY0112,0.9702,1.0,Na,0.01,Ca,20,0.0198,0,780,1.1257079402954042
113,TY0113,0.9702,1.0,Na,0.01,Ca,20,0.0198,1,800,0.7852466115330358
114,TY0114,0.9603,1.0,Na,0.01,Ca,20,0.0198,0,780,1.5177389042258278
115,TY0115,0.9603,1.0,Na,0.01,Ca,20,0.0198,1,780,0.980085620556776
116,TY0116,0.9504,1.0,Na,0.01,Ca,20,0.0198,0,780,1.7125079418844154
117,TY0117,0.9504,1.0,Na,0.01,Ca,20,0.0198,1,780,1.0898540225178173
118,TY0118,0.9603,1.0,Na,0.01,Ca,20,0.0296999999999999,0,780,1.150981931875627
119,TY0119,0.9603,1.0,Na,0.01,Ca,20,0.0296999999999999,1,780,0.8048680949008712
120,TY0120,0.9504,1.0,Na,0.01,Ca,20,0.0296999999999999,0,780,1.4329541170128082
121,TY0121,0.9504,1.0,Na,0.01,Ca,20,0.0296999999999999,1,780,0.9500644436892908
122,TY0122,0.9405,1.0,Na,0.01,Ca,20,0.0296999999999999,0,780,1.5337142649536688
123,TY0123,0.9405,1.0,Na,0.01,Ca,20,0.0296999999999999,1,780,1.0634766238306874
124,TY0124,0.9504,1.0,Na,0.01,Ca,20,0.0396,0,740,1.0494799664000465
125,TY0125,0.9504,1.0,Na,0.01,Ca,20,0.0396,1,740,0.7795354850131941
126,TY0126,0.9405,1.0,Na,0.01,Ca,20,0.0396,0,800,1.1331468434917251
127,TY0127,0.9405,1.0,Na,0.01,Ca,20,0.0396,1,800,0.8370183081965352
128,TY0128,0.9405,1.0,Na,0.01,Ca,20,0.0495,0,800,0.9772692658244324
129,TY0129,0.9405,1.0,Na,0.01,Ca,20,0.0495,1,800,0.7708006342645816
130,TY0130,0.9801,1.0,Na,0.01,Mn,25,0.0099,0,800,1.3776856780402524
131,TY0131,0.9801,1.0,Na,0.01,Mn,25,0.0099,1,800,0.8916482162837002
132,TY0132,0.9702,1.0,Na,0.01,Mn,25,0.0099,0,780,1.6891771657098007
133,TY0133,0.9702,1.0,Na,0.01,Mn,25,0.0099,1,800,1.0424476654424997
134,TY0134,0.9603,1.0,Na,0.01,Mn,25,0.0099,0,780,1.6909257876169357
135,TY0135,0.9603,1.0,Na,0.01,Mn,25,0.0099,1,780,1.043210075907928
136,TY0136,0.9702,1.0,Na,0.01,Mn,25,0.0198,0,800,1.2840862874979708
137,TY0137,0.9702,1.0,Na,0.01,Mn,25,0.0198,1,800,0.8434873766407296
138,TY0138,0.9603,1.0,Na,0.01,Mn,25,0.0198,0,780,1.466584424064509
139,TY0139,0.9603,1.0,Na,0.01,Mn,25,0.0198,1,780,0.9614471446872832
140,TY0140,0.9504,1.0,Na,0.01,Mn,25,0.0198,0,780,1.546333310727149
141,TY0141,0.9504,1.0,Na,0.01,Mn,25,0.0198,1,780,1.0060535072597032
142,TY0142,0.9603,1.0,Na,0.01,Mn,25,0.0296999999999999,0,800,1.2490129767054192
143,TY0143,0.9603,1.0,Na,0.01,Mn,25,0.0296999999999999,1,800,0.8428083041504161
144,TY0144,0.9504,1.0,Na,0.01,Mn,25,0.0296999999999999,0,780,1.573809214546754
145,TY0145,0.9504,1.0,Na,0.01,Mn,25,0.0296999999999999,1,780,1.038245273297133
146,TY0146,0.9405,1.0,Na,0.01,Mn,25,0.0296999999999999,0,780,1.4185080043108746
147,TY0147,0.9405,1.0,Na,0.01,Mn,25,0.0296999999999999,1,780,0.9826982308699742
148,TY0148,0.9504,1.0,Na,0.01,Mn,25,0.0396,0,800,1.2107815192583675
149,TY0149,0.9504,1.0,Na,0.01,Mn,25,0.0396,1,800,0.8305444400683429
150,TY0150,0.9405,1.0,Na,0.01,Mn,25,0.0396,0,780,1.4215402438412954
151,TY0151,0.9405,1.0,Na,0.01,Mn,25,0.0396,1,780,1.013967277465428
152,TY0152,0.9405,1.0,Na,0.01,Mn,25,0.0495,0,800,1.2087240305278166
153,TY0153,0.9405,1.0,Na,0.01,Mn,25,0.0495,1,800,0.8644497049832032
154,TY0154,0.9801,1.0,Na,0.01,Ge,32,0.0099,0,800,1.968400618097368
155,TY0155,0.9801,1.0,Na,0.01,Ge,32,0.0099,1,800,1.4454662530980016
156,TY0156,0.9702,1.0,Na,0.01,Ge,32,0.0099,0,800,1.84507504776464
157,TY0157,0.9702,1.0,Na,0.01,Ge,32,0.0099,1,800,1.2877635722684628
158,TY0158,0.9603,1.0,Na,0.01,Ge,32,0.0099,0,800,1.8402968139614195
159,TY0159,0.9603,1.0,Na,0.01,Ge,32,0.0099,1,800,1.4476578974770171
160,TY0160,0.9702,1.0,Na,0.01,Ge,32,0.0198,0,800,1.618095145108314
161,TY0161,0.9702,1.0,Na,0.01,Ge,32,0.0198,1,800,1.1427477720430792
162,TY0162,0.9603,1.0,Na,0.01,Ge,32,0.0198,0,800,1.7585371639695877
163,TY0163,0.9603,1.0,Na,0.01,Ge,32,0.0198,1,800,1.2227011980277993
164,TY0164,0.9504,1.0,Na,0.01,Ge,32,0.0198,0,800,1.855661074898758
165,TY0165,0.9504,1.0,Na,0.01,Ge,32,0.0198,1,800,1.3930323749544455
166,TY0166,0.9603,1.0,Na,0.01,Ge,32,0.0296999999999999,0,800,1.725083306555957
167,TY0167,0.9603,1.0,Na,0.01,Ge,32,0.0296999999999999,1,800,1.26420425464694
168,TY0168,0.9504,1.0,Na,0.01,Ge,32,0.0296999999999999,0,800,1.5953787597104765
169,TY0169,0.9504,1.0,Na,0.01,Ge,32,0.0296999999999999,1,800,1.2134363732959994
170,TY0170,0.9405,1.0,Na,0.01,Ge,32,0.0296999999999999,0,800,1.7737358015597895
171,TY0171,0.9405,1.0,Na,0.01,Ge,32,0.0296999999999999,1,800,1.4168345557278808
172,TY0172,0.9504,1.0,Na,0.01,Ge,32,0.0396,0,800,2.392700820232706
173,TY0173,0.9504,1.0,Na,0.01,Ge,32,0.0396,1,800,1.6179669320364944
174,TY0174,0.9405,1.0,Na,0.01,Ge,32,0.0396,0,800,1.7310068663867806
175,TY0175,0.9405,1.0,Na,0.01,Ge,32,0.0396,1,800,1.318084892570545
176,TY0176,0.9405,1.0,Na,0.01,Ge,32,0.0495,0,820,2.1875663471048377
177,TY0177,0.9405,1.0,Na,0.01,Ge,32,0.0495,1,820,1.5452075410657973
178,TY0178,0.9801,1.0,Na,0.01,As,33,0.0099,0,800,1.433860438438867
179,TY0179,0.9801,1.0,Na,0.01,As,33,0.0099,1,800,1.1297110207366998
180,TY0180,0.9702,1.0,Na,0.01,As,33,0.0099,0,800,1.7173039578359777
181,TY0181,0.9702,1.0,Na,0.01,As,33,0.0099,1,800,1.2961222677754625
182,TY0182,0.9603,1.0,Na,0.01,As,33,0.0099,0,820,1.4932999342509146
183,TY0183,0.9603,1.0,Na,0.01,As,33,0.0099,1,820,1.208283970400851
184,TY0184,0.9702,1.0,Na,0.01,As,33,0.0198,0,820,1.086374402737911
185,TY0185,0.9702,1.0,Na,0.01,As,33,0.0198,1,820,0.8432703562936801
186,TY0186,0.9603,1.0,Na,0.01,As,33,0.0198,0,820,1.0763520092496046
187,TY0187,0.9603,1.0,Na,0.01,As,33,0.0198,1,820,0.8353329123630349
188,TY0188,0.9504,1.0,Na,0.01,As,33,0.0198,0,740,0.9828362368356248
189,TY0189,0.9504,1.0,Na,0.01,As,33,0.0198,1,740,0.7841189818527587
190,TY0190,0.9603,1.0,Na,0.01,As,33,0.0296999999999999,0,820,1.2553242560423774
191,TY0191,0.9603,1.0,Na,0.01,As,33,0.0296999999999999,1,820,0.9425163617033676
192,TY0192,0.9504,1.0,Na,0.01,As,33,0.0296999999999999,0,820,0.9524538663162142
193,TY0193,0.9504,1.0,Na,0.01,As,33,0.0296999999999999,1,820,0.7571010037397783
194,TY0194,0.9405,1.0,Na,0.01,As,33,0.0296999999999999,0,820,0.9769417133257048
195,TY0195,0.9405,1.0,Na,0.01,As,33,0.0296999999999999,1,740,0.7768541789336754
196,TY0196,0.9504,1.0,Na,0.01,As,33,0.0396,0,800,2.0051676186063285
197,TY0197,0.9504,1.0,Na,0.01,As,33,0.0396,1,800,1.4966884537297196
198,TY0198,0.9405,1.0,Na,0.01,As,33,0.0396,0,820,1.828662762601224
199,TY0199,0.9405,1.0,Na,0.01,As,33,0.0396,1,820,1.3871491919232932
200,TY0200,0.9405,1.0,Na,0.01,As,33,0.0495,0,800,1.7972917646876772
201,TY0201,0.9405,1.0,Na,0.01,As,33,0.0495,1,800,1.3779844314536835
202,TY0202,0.9801,1.0,Na,0.01,Rb,37,0.0099,0,800,1.4549378212742858
203,TY0203,0.9801,1.0,Na,0.01,Rb,37,0.0099,1,800,1.1931540280585666
204,TY0204,0.9702,1.0,Na,0.01,Rb,37,0.0099,0,800,1.6993192477230168
205,TY0205,0.9702,1.0,Na,0.01,Rb,37,0.0099,1,800,1.2266120472616835
206,TY0206,0.9603,1.0,Na,0.01,Rb,37,0.0099,0,800,1.8527863944059355
207,TY0207,0.9603,1.0,Na,0.01,Rb,37,0.0099,1,800,1.3812179050488815
208,TY0208,0.9702,1.0,Na,0.01,Rb,37,0.0198,0,800,1.3175931371877858
209,TY0209,0.9702,1.0,Na,0.01,Rb,37,0.0198,1,800,1.057982447664289
210,TY0210,0.9603,1.0,Na,0.01,Rb,37,0.0198,0,800,1.4694120742073833
211,TY0211,0.9603,1.0,Na,0.01,Rb,37,0.0198,1,800,1.2490835278842711
212,TY0212,0.9504,1.0,Na,0.01,Rb,37,0.0198,0,800,1.7032466466059937
213,TY0213,0.9504,1.0,Na,0.01,Rb,37,0.0198,1,800,1.2978553366601675
214,TY0214,0.9801,1.0,Na,0.01,Sr,38,0.0099,0,800,1.3055853948369498
215,TY0215,0.9801,1.0,Na,0.01,Sr,38,0.0099,1,800,1.0619180154331762
216,TY0216,0.9702,1.0,Na,0.01,Sr,38,0.0099,0,740,1.7610497281672348
217,TY0217,0.9702,1.0,Na,0.01,Sr,38,0.0099,1,740,1.1943485138937715
218,TY0218,0.9603,1.0,Na,0.01,Sr,38,0.0099,0,740,1.9120384234722383
219,TY0219,0.9603,1.0,Na,0.01,Sr,38,0.0099,1,740,1.3614880626308477
220,TY0220,0.9702,1.0,Na,0.01,Sr,38,0.0198,0,800,1.3272741845599996
221,TY0221,0.9702,1.0,Na,0.01,Sr,38,0.0198,1,800,1.0256766961406043
222,TY0222,0.9603,1.0,Na,0.01,Sr,38,0.0198,0,780,1.663777157764629
223,TY0223,0.9603,1.0,Na,0.01,Sr,38,0.0198,1,800,1.2701806761175225
224,TY0224,0.9504,1.0,Na,0.01,Sr,38,0.0198,0,780,1.9030320913824743
225,TY0225,0.9504,1.0,Na,0.01,Sr,38,0.0198,1,780,1.426289009585108
226,TY0226,0.9603,1.0,Na,0.01,Sr,38,0.0296999999999999,0,800,1.1275518051426312
227,TY0227,0.9603,1.0,Na,0.01,Sr,38,0.0296999999999999,1,800,0.8905786885975525
228,TY0228,0.9504,1.0,Na,0.01,Sr,38,0.0296999999999999,0,800,1.4335383234562524
229,TY0229,0.9504,1.0,Na,0.01,Sr,38,0.0296999999999999,1,800,1.0586888113084962
230,TY0230,0.9405,1.0,Na,0.01,Sr,38,0.0296999999999999,0,800,1.7311291556849129
231,TY0231,0.9405,1.0,Na,0.01,Sr,38,0.0296999999999999,1,800,1.3235801671937315
232,TY0232,0.9504,1.0,Na,0.01,Sr,38,0.0396,0,740,1.373144045370143
233,TY0233,0.9504,1.0,Na,0.01,Sr,38,0.0396,1,740,1.0715827407640743
234,TY0234,0.9405,1.0,Na,0.01,Sr,38,0.0396,0,740,1.350335569020057
235,TY0235,0.9405,1.0,Na,0.01,Sr,38,0.0396,1,740,1.138490957925771
236,TY0236,0.9405,1.0,Na,0.01,Sr,38,0.0495,0,800,1.34634820397651
237,TY0237,0.9405,1.0,Na,0.01,Sr,38,0.0495,1,800,1.1282974135310777
238,TY0238,0.9801,1.0,Na,0.01,Y,39,0.0099,0,800,1.883270241191144
239,TY0239,0.9801,1.0,Na,0.01,Y,39,0.0099,1,800,1.3650080160469318
240,TY0240,0.9702,1.0,Na,0.01,Y,39,0.0099,0,740,1.9886003918541173
241,TY0241,0.9702,1.0,Na,0.01,Y,39,0.0099,1,800,1.2527701347146756
242,TY0242,0.9603,1.0,Na,0.01,Y,39,0.0099,0,800,2.0807844345523296
243,TY0243,0.9603,1.0,Na,0.01,Y,39,0.0099,1,800,1.4317085334977235
244,TY0244,0.9801,1.0,Na,0.01,Ag,47,0.0099,0,760,1.5331985744207424
245,TY0245,0.9801,1.0,Na,0.01,Ag,47,0.0099,1,800,1.066384633819876
246,TY0246,0.9702,1.0,Na,0.01,Ag,47,0.0099,0,780,1.5085955690112292
247,TY0247,0.9702,1.0,Na,0.01,Ag,47,0.0099,1,800,1.01465626336069
248,TY0248,0.9603,1.0,Na,0.01,Ag,47,0.0099,0,780,1.3685686938860793
249,TY0249,0.9603,1.0,Na,0.01,Ag,47,0.0099,1,800,0.9952223871435616
250,TY0250,0.9702,1.0,Na,0.01,Ag,47,0.0198,0,780,1.1862887147183576
251,TY0251,0.9702,1.0,Na,0.01,Ag,47,0.0198,1,800,0.8938822969798369
252,TY0252,0.9603,1.0,Na,0.01,Ag,47,0.0198,0,780,1.3068353730091873
253,TY0253,0.9603,1.0,Na,0.01,Ag,47,0.0198,1,800,0.9905037761889244
254,TY0254,0.9504,1.0,Na,0.01,Ag,47,0.0198,0,780,1.3443830388020566
255,TY0255,0.9504,1.0,Na,0.01,Ag,47,0.0198,1,800,1.054498177572677
256,TY0256,0.9603,1.0,Na,0.01,Ag,47,0.0296999999999999,0,760,0.9775172081857422
257,TY0257,0.9603,1.0,Na,0.01,Ag,47,0.0296999999999999,1,800,0.7664920553498455
258,TY0258,0.9504,1.0,Na,0.01,Ag,47,0.0296999999999999,0,760,1.3439550602256427
259,TY0259,0.9504,1.0,Na,0.01,Ag,47,0.0296999999999999,1,800,0.9923359129105374
260,TY0260,0.9405,1.0,Na,0.01,Ag,47,0.0296999999999999,0,800,1.1152455581259737
261,TY0261,0.9405,1.0,Na,0.01,Ag,47,0.0296999999999999,1,800,0.8852142446241211
262,TY0262,0.9504,1.0,Na,0.01,Ag,47,0.0396,0,760,1.115933127018023
263,TY0263,0.9504,1.0,Na,0.01,Ag,47,0.0396,1,740,0.8471199048201293
264,TY0264,0.9405,1.0,Na,0.01,Ag,47,0.0396,0,760,1.3869463148311008
265,TY0265,0.9405,1.0,Na,0.01,Ag,47,0.0396,1,760,1.0843941886165054
266,TY0266,0.9405,1.0,Na,0.01,Ag,47,0.0495,0,760,1.0479370702145778
267,TY0267,0.9405,1.0,Na,0.01,Ag,47,0.0495,1,740,0.8252578201307941
268,TY0268,0.9801,1.0,Na,0.01,Cd,48,0.0099,0,780,1.4846811632032209
269,TY0269,0.9801,1.0,Na,0.01,Cd,48,0.0099,1,780,1.1162496042431005
270,TY0270,0.9702,1.0,Na,0.01,Cd,48,0.0099,0,780,2.0719879855766514
271,TY0271,0.9702,1.0,Na,0.01,Cd,48,0.0099,1,780,1.4674799109995622
272,TY0272,0.9603,1.0,Na,0.01,Cd,48,0.0099,0,780,1.6827939065985769
273,TY0273,0.9603,1.0,Na,0.01,Cd,48,0.0099,1,800,1.25729202847835
274,TY0274,0.9702,1.0,Na,0.01,Cd,48,0.0198,0,780,1.6421463711283912
275,TY0275,0.9702,1.0,Na,0.01,Cd,48,0.0198,1,780,1.1998410642671105
276,TY0276,0.9603,1.0,Na,0.01,Cd,48,0.0198,0,780,2.0607661673048434
277,TY0277,0.9603,1.0,Na,0.01,Cd,48,0.0198,1,780,1.5032144821691549
278,TY0278,0.9504,1.0,Na,0.01,Cd,48,0.0198,0,800,1.5973829047492387
279,TY0279,0.9504,1.0,Na,0.01,Cd,48,0.0198,1,800,1.20073301743407
280,TY0280,0.9603,1.0,Na,0.01,Cd,48,0.0296999999999999,0,740,1.8774422798693309
281,TY0281,0.9603,1.0,Na,0.01,Cd,48,0.0296999999999999,1,740,1.5061611701003708
282,TY0282,0.9504,1.0,Na,0.01,Cd,48,0.0296999999999999,0,760,2.029355798639053
283,TY0283,0.9504,1.0,Na,0.01,Cd,48,0.0296999999999999,1,780,1.4905092604473371
284,TY0284,0.9405,1.0,Na,0.01,Cd,48,0.0296999999999999,0,740,1.7810586498834833
285,TY0285,0.9405,1.0,Na,0.01,Cd,48,0.0296999999999999,1,740,1.401628127793538
286,TY0286,0.9801,1.0,Na,0.01,In,49,0.0099,0,800,1.5938610342306774
287,TY0287,0.9801,1.0,Na,0.01,In,49,0.0099,1,800,1.259856862950362
288,TY0288,0.9702,1.0,Na,0.01,In,49,0.0099,0,800,1.5794175214705473
289,TY0289,0.9702,1.0,Na,0.01,In,49,0.0099,1,800,1.2816250536439693
290,TY0290,0.9603,1.0,Na,0.01,In,49,0.0099,0,800,1.496425200088742
291,TY0291,0.9603,1.0,Na,0.01,In,49,0.0099,1,800,1.2946634007491518
292,TY0292,0.9702,1.0,Na,0.01,In,49,0.0198,0,800,1.4606474899631956
293,TY0293,0.9702,1.0,Na,0.01,In,49,0.0198,1,820,1.1749519845811065
294,TY0294,0.9603,1.0,Na,0.01,In,49,0.0198,0,800,1.5723954464671293
295,TY0295,0.9603,1.0,Na,0.01,In,49,0.0198,1,800,1.357446274690162
296,TY0296,0.9504,1.0,Na,0.01,In,49,0.0198,0,800,1.2018207267392222
297,TY0297,0.9504,1.0,Na,0.01,In,49,0.0198,1,800,1.1013431238330738
298,TY0298,0.9603,1.0,Na,0.01,In,49,0.0296999999999999,0,740,1.4879498109374996
299,TY0299,0.9603,1.0,Na,0.01,In,49,0.0296999999999999,1,740,1.2445908265574457
300,TY0300,0.9504,1.0,Na,0.01,In,49,0.0296999999999999,0,800,1.5597393995636135
301,TY0301,0.9504,1.0,Na,0.01,In,49,0.0296999999999999,1,800,1.252255294425777
302,TY0302,0.9405,1.0,Na,0.01,In,49,0.0296999999999999,0,800,1.430228001141746
303,TY0303,0.9405,1.0,Na,0.01,In,49,0.0296999999999999,1,800,1.3112405521071075
304,TY0304,0.9504,1.0,Na,0.01,In,49,0.0396,0,800,1.369121571695047
305,TY0305,0.9504,1.0,Na,0.01,In,49,0.0396,1,800,1.1370112786988484
306,TY0306,0.9405,1.0,Na,0.01,In,49,0.0396,0,800,1.4952895587174957
307,TY0307,0.9405,1.0,Na,0.01,In,49,0.0396,1,800,1.294876056905931
308,TY0308,0.9801,1.0,Na,0.01,Sb,51,0.0099,0,740,1.123238686782707
309,TY0309,0.9801,1.0,Na,0.01,Sb,51,0.0099,1,740,0.8403156586976612
310,TY0310,0.9702,1.0,Na,0.01,Sb,51,0.0099,0,780,1.3177878570802093
311,TY0311,0.9702,1.0,Na,0.01,Sb,51,0.0099,1,800,0.9623063231150883
312,TY0312,0.9603,1.0,Na,0.01,Sb,51,0.0099,0,820,1.0226759877861311
313,TY0313,0.9603,1.0,Na,0.01,Sb,51,0.0099,1,820,0.8671652865866962
314,TY0314,0.9702,1.0,Na,0.01,Sb,51,0.0198,0,800,0.9802451609843144
315,TY0315,0.9702,1.0,Na,0.01,Sb,51,0.0198,1,800,0.7275750899227664
316,TY0316,0.9603,1.0,Na,0.01,Sb,51,0.0198,0,780,1.3053812671745288
317,TY0317,0.9603,1.0,Na,0.01,Sb,51,0.0198,1,780,0.9512006308625596
318,TY0318,0.9504,1.0,Na,0.01,Sb,51,0.0198,0,740,0.9758953079304492
319,TY0319,0.9504,1.0,Na,0.01,Sb,51,0.0198,1,740,0.7994880186902987
320,TY0320,0.9603,1.0,Na,0.01,Sb,51,0.0296999999999999,0,740,1.0684223047058226
321,TY0321,0.9603,1.0,Na,0.01,Sb,51,0.0296999999999999,1,800,0.7663842306505313
322,TY0322,0.9504,1.0,Na,0.01,Sb,51,0.0296999999999999,0,760,1.246267771099402
323,TY0323,0.9504,1.0,Na,0.01,Sb,51,0.0296999999999999,1,800,0.9403885969934832
324,TY0324,0.9405,1.0,Na,0.01,Sb,51,0.0296999999999999,0,800,1.0970373797648756
325,TY0325,0.9405,1.0,Na,0.01,Sb,51,0.0296999999999999,1,800,0.8815537292387251
326,TY0326,0.9504,1.0,Na,0.01,Sb,51,0.0396,0,800,1.049874452125004
327,TY0327,0.9504,1.0,Na,0.01,Sb,51,0.0396,1,800,0.8771790072301865
328,TY0328,0.9405,1.0,Na,0.01,Sb,51,0.0396,0,800,1.35314511202827
329,TY0329,0.9405,1.0,Na,0.01,Sb,51,0.0396,1,800,1.126248761778003
330,TY0330,0.9405,1.0,Na,0.01,Sb,51,0.0495,0,820,1.223785746154956
331,TY0331,0.9405,1.0,Na,0.01,Sb,51,0.0495,1,820,0.9772785163152364
332,TY0332,0.9801,1.0,Na,0.01,Ba,56,0.0099,0,800,1.162955612770533
333,TY0333,0.9801,1.0,Na,0.01,Ba,56,0.0099,1,800,0.9370232076306736
334,TY0334,0.9702,1.0,Na,0.01,Ba,56,0.0099,0,780,1.5905821788825774
335,TY0335,0.9702,1.0,Na,0.01,Ba,56,0.0099,1,800,1.1071438907667948
336,TY0336,0.9603,1.0,Na,0.01,Ba,56,0.0099,0,780,1.605761489419988
337,TY0337,0.9603,1.0,Na,0.01,Ba,56,0.0099,1,780,1.2309792671961772
338,TY0338,0.9702,1.0,Na,0.01,Ba,56,0.0198,0,780,1.26518990537262
339,TY0339,0.9702,1.0,Na,0.01,Ba,56,0.0198,1,800,0.9639001935977226
340,TY0340,0.9603,1.0,Na,0.01,Ba,56,0.0198,0,780,1.5647532563205078
341,TY0341,0.9603,1.0,Na,0.01,Ba,56,0.0198,1,780,1.1785235330852597
342,TY0342,0.9504,1.0,Na,0.01,Ba,56,0.0198,0,780,1.808114669497036
343,TY0343,0.9504,1.0,Na,0.01,Ba,56,0.0198,1,780,1.3741331926470304
344,TY0344,0.9603,1.0,Na,0.01,Ba,56,0.0296999999999999,0,800,1.180402659590577
345,TY0345,0.9603,1.0,Na,0.01,Ba,56,0.0296999999999999,1,800,0.888938939753233
346,TY0346,0.9504,1.0,Na,0.01,Ba,56,0.0296999999999999,0,780,1.4500083396244934
347,TY0347,0.9504,1.0,Na,0.01,Ba,56,0.0296999999999999,1,780,1.130284486338902
348,TY0348,0.9405,1.0,Na,0.01,Ba,56,0.0296999999999999,0,780,1.6830399083378402
349,TY0349,0.9405,1.0,Na,0.01,Ba,56,0.0296999999999999,1,780,1.2660198170691777
350,TY0350,0.9504,1.0,Na,0.01,Ba,56,0.0396,0,780,1.1711324980177922
351,TY0351,0.9504,1.0,Na,0.01,Ba,56,0.0396,1,780,0.9323130424787832
352,TY0352,0.9405,1.0,Na,0.01,Ba,56,0.0396,0,780,1.3758443627371224
353,TY0353,0.9405,1.0,Na,0.01,Ba,56,0.0396,1,780,1.0763494861592302
354,TY0354,0.9405,1.0,Na,0.01,Ba,56,0.0495,0,780,1.1815779227442775
355,TY0355,0.9405,1.0,Na,0.01,Ba,56,0.0495,1,780,0.9582468003893376
356,TY0356,0.9801,1.0,Na,0.01,Au,79,0.0099,0,740,1.157549962177283
357,TY0357,0.9801,1.0,Na,0.01,Au,79,0.0099,1,740,0.8343901442008438
358,TY0358,0.9702,1.0,Na,0.01,Au,79,0.0099,0,780,1.5835695272890329
359,TY0359,0.9702,1.0,Na,0.01,Au,79,0.0099,1,780,1.0654387099144622
360,TY0360,0.9603,1.0,Na,0.01,Au,79,0.0099,0,780,1.4615759371153714
361,TY0361,0.9603,1.0,Na,0.01,Au,79,0.0099,1,780,1.0558105080424254
362,TY0362,0.9801,1.0,Na,0.01,Hg,80,0.0099,0,740,1.6524965253470714
363,TY0363,0.9801,1.0,Na,0.01,Hg,80,0.0099,1,780,1.275690656809367
364,TY0364,0.9702,1.0,Na,0.01,Hg,80,0.0099,0,740,1.7450152687391256
365,TY0365,0.9702,1.0,Na,0.01,Hg,80,0.0099,1,780,1.2179154784144723
366,TY0366,0.9603,1.0,Na,0.01,Hg,80,0.0099,0,780,1.5845686483069747
367,TY0367,0.9603,1.0,Na,0.01,Hg,80,0.0099,1,780,1.194922877578775
368,TY0368,0.9702,1.0,Na,0.01,Hg,80,0.0198,0,740,1.7181071928345708
369,TY0369,0.9702,1.0,Na,0.01,Hg,80,0.0198,1,740,1.3563511633521794
370,TY0370,0.9603,1.0,Na,0.01,Hg,80,0.0198,0,740,1.9687327018294647
371,TY0371,0.9603,1.0,Na,0.01,Hg,80,0.0198,1,740,1.4901432932770022
372,TY0372,0.9504,1.0,Na,0.01,Hg,80,0.0198,0,780,1.4244313370546946
373,TY0373,0.9504,1.0,Na,0.01,Hg,80,0.0198,1,780,1.130862725928938
374,TY0374,0.9801,1.0,Na,0.01,Tl,81,0.0099,0,800,1.3343718763185104
375,TY0375,0.9801,1.0,Na,0.01,Tl,81,0.0099,1,800,1.0642722459693907
376,TY0376,0.9702,1.0,Na,0.01,Tl,81,0.0099,0,780,1.5509381613049165
377,TY0377,0.9702,1.0,Na,0.01,Tl,81,0.0099,1,800,1.0873097263695837
378,TY0378,0.9603,1.0,Na,0.01,Tl,81,0.0099,0,780,1.367555211175289
379,TY0379,0.9603,1.0,Na,0.01,Tl,81,0.0099,1,800,1.0337631551538329
380,TY0380,0.9702,1.0,Na,0.01,Tl,81,0.0198,0,740,1.155405550912067
381,TY0381,0.9702,1.0,Na,0.01,Tl,81,0.0198,1,740,0.9109150289409444
382,TY0382,0.9603,1.0,Na,0.01,Tl,81,0.0198,0,780,1.8491422258651773
383,TY0383,0.9603,1.0,Na,0.01,Tl,81,0.0198,1,780,1.3668421346192017
384,TY0384,0.9504,1.0,Na,0.01,Tl,81,0.0198,0,780,1.4018685606777437
385,TY0385,0.9504,1.0,Na,0.01,Tl,81,0.0198,1,780,1.0713836351562978
386,TY0386,0.9603,1.0,Na,0.01,Tl,81,0.0296999999999999,0,800,1.1430315692414144
387,TY0387,0.9603,1.0,Na,0.01,Tl,81,0.0296999999999999,1,800,0.8766293734680657
388,TY0388,0.9504,1.0,Na,0.01,Tl,81,0.0296999999999999,0,780,1.568556466699793
389,TY0389,0.9504,1.0,Na,0.01,Tl,81,0.0296999999999999,1,780,1.2584762807407968
390,TY0390,0.9405,1.0,Na,0.01,Tl,81,0.0296999999999999,0,800,1.497472388278415
391,TY0391,0.9405,1.0,Na,0.01,Tl,81,0.0296999999999999,1,800,1.2038789728877777
392,TY0392,0.9504,1.0,Na,0.01,Tl,81,0.0396,0,800,1.2430407191601058
393,TY0393,0.9504,1.0,Na,0.01,Tl,81,0.0396,1,800,1.0029980124817353
394,TY0394,0.9405,1.0,Na,0.01,Tl,81,0.0396,0,800,1.5070815944097566
395,TY0395,0.9405,1.0,Na,0.01,Tl,81,0.0396,1,800,1.3081160429648089
396,TY0396,0.9405,1.0,Na,0.01,Tl,81,0.0495,0,800,1.3109690900147664
397,TY0397,0.9405,1.0,Na,0.01,Tl,81,0.0495,1,800,1.0061823921079085
398,TY0398,0.9801,1.0,Na,0.01,Pb,82,0.0099,0,800,1.7695240252166593
399,TY0399,0.9801,1.0,Na,0.01,Pb,82,0.0099,1,800,1.313758714891468
400,TY0400,0.9702,1.0,Na,0.01,Pb,82,0.0099,0,740,2.066551101553163
401,TY0401,0.9702,1.0,Na,0.01,Pb,82,0.0099,1,740,1.3475284159485703
402,TY0402,0.9603,1.0,Na,0.01,Pb,82,0.0099,0,800,1.612040149787881
403,TY0403,0.9603,1.0,Na,0.01,Pb,82,0.0099,1,800,1.2097703283178716
404,TY0404,0.9702,1.0,Na,0.01,Pb,82,0.0198,0,800,1.3696491683595986
405,TY0405,0.9702,1.0,Na,0.01,Pb,82,0.0198,1,800,1.0543048218970517
406,TY0406,0.9603,1.0,Na,0.01,Pb,82,0.0198,0,780,2.018706561181002
407,TY0407,0.9603,1.0,Na,0.01,Pb,82,0.0198,1,780,1.4739734873023596
408,TY0408,0.9504,1.0,Na,0.01,Pb,82,0.0198,0,780,1.811891957112302
409,TY0409,0.9504,1.0,Na,0.01,Pb,82,0.0198,1,780,1.358545513925684
410,TY0410,0.9603,1.0,Na,0.01,Pb,82,0.0296999999999999,0,800,1.3034248847018433
411,TY0411,0.9603,1.0,Na,0.01,Pb,82,0.0296999999999999,1,800,1.0087582186967412
412,TY0412,0.9504,1.0,Na,0.01,Pb,82,0.0296999999999999,0,780,2.255993272909032
413,TY0413,0.9504,1.0,Na,0.01,Pb,82,0.0296999999999999,1,780,1.68734077935161
414,TY0414,0.9405,1.0,Na,0.01,Pb,82,0.0296999999999999,0,780,1.736844689733096
415,TY0415,0.9405,1.0,Na,0.01,Pb,82,0.0296999999999999,1,780,1.3965707764476387
416,TY0416,0.9504,1.0,Na,0.01,Pb,82,0.0396,0,800,1.5373814975302316
417,TY0417,0.9504,1.0,Na,0.01,Pb,82,0.0396,1,800,1.1435553804601524
418,TY0418,0.9405,1.0,Na,0.01,Pb,82,0.0396,0,780,1.9272220807979956
419,TY0419,0.9405,1.0,Na,0.01,Pb,82,0.0396,1,780,1.563904294505167
420,TY0420,0.9405,1.0,Na,0.01,Pb,82,0.0495,0,760,2.239350683308829
421,TY0421,0.9405,1.0,Na,0.01,Pb,82,0.0495,1,760,1.7183728992388951
422,TY0422,0.9801,1.0,Na,0.01,Bi,83,0.0099,0,740,1.254728171850221
423,TY0423,0.9801,1.0,Na,0.01,Bi,83,0.0099,1,740,0.9647300991051884
424,TY0424,0.9702,1.0,Na,0.01,Bi,83,0.0099,0,740,1.280144091057545
425,TY0425,0.9702,1.0,Na,0.01,Bi,83,0.0099,1,740,0.9359708219940416
426,TY0426,0.9603,1.0,Na,0.01,Bi,83,0.0099,0,780,0.9563139471116582
427,TY0427,0.9603,1.0,Na,0.01,Bi,83,0.0099,1,800,0.7605985735714688
428,TY0428,0.9702,1.0,Na,0.01,Bi,83,0.0198,0,740,0.9848681765500492
429,TY0429,0.9702,1.0,Na,0.01,Bi,83,0.0198,1,740,0.7785186243003138
430,TY0430,0.9603,1.0,Na,0.01,Bi,83,0.0198,0,780,1.1571652695081844
431,TY0431,0.9603,1.0,Na,0.01,Bi,83,0.0198,1,780,0.9270984859945118
432,TY0432,0.9504,1.0,Na,0.01,Bi,83,0.0198,0,740,0.8981005859363568
433,TY0433,0.9504,1.0,Na,0.01,Bi,83,0.0198,1,740,0.7577062852987476
434,TY0434,0.9603,1.0,Na,0.01,Bi,83,0.0296999999999999,0,740,1.1327121037418797
435,TY0435,0.9603,1.0,Na,0.01,Bi,83,0.0296999999999999,1,740,0.7956260953249028
436,TY0436,0.9504,1.0,Na,0.01,Bi,83,0.0296999999999999,0,740,1.2452547839008417
437,TY0437,0.9504,1.0,Na,0.01,Bi,83,0.0296999999999999,1,740,0.97120326845104
438,TY0438,0.9405,1.0,Na,0.01,Bi,83,0.0296999999999999,0,780,1.1440300444324771
439,TY0439,0.9405,1.0,Na,0.01,Bi,83,0.0296999999999999,1,780,0.9159566423958632
440,TY0440,0.9504,1.0,Na,0.01,Bi,83,0.0396,0,740,1.0096411249373518
441,TY0441,0.9504,1.0,Na,0.01,Bi,83,0.0396,1,740,0.7681853122692823
442,TY0442,0.9405,1.0,Na,0.01,Bi,83,0.0396,0,740,1.3765572497479812
443,TY0443,0.9405,1.0,Na,0.01,Bi,83,0.0396,1,740,1.0569337051651475
444,TY0444,0.9405,1.0,Na,0.01,Bi,83,0.0495,0,800,0.9921777566835056
445,TY0445,0.9405,1.0,Na,0.01,Bi,83,0.0495,1,800,0.7656307221134462
446,TY0446,0.99,0.99,Na,0.01,F,9,0.01,0,800,0.8837975871545599
447,TY0447,0.99,0.99,Na,0.01,F,9,0.01,1,800,0.6885872395568219
448,TY0448,0.98,0.99,Na,0.01,F,9,0.01,0,740,1.2090516705398062
449,TY0449,0.98,0.99,Na,0.01,F,9,0.01,1,740,0.744978735289825
450,TY0450,0.97,0.99,Na,0.01,F,9,0.01,0,740,1.0455636356567075
451,TY0451,0.97,0.99,Na,0.01,F,9,0.01,1,740,0.6983599457544938
452,TY0452,0.99,0.99,Na,0.01,S,16,0.01,0,800,1.1664115083364823
453,TY0453,0.99,0.99,Na,0.01,S,16,0.01,1,800,0.8485348689637127
454,TY0454,0.98,0.99,Na,0.01,S,16,0.01,0,740,1.491021498777173
455,TY0455,0.98,0.99,Na,0.01,S,16,0.01,1,780,0.9264063913379502
456,TY0456,0.97,0.99,Na,0.01,S,16,0.01,0,780,1.2921797593993236
457,TY0457,0.97,0.99,Na,0.01,S,16,0.01,1,780,0.885086791267417
458,TY0458,0.99,0.98,Na,0.01,S,16,0.02,0,800,1.164534626462041
459,TY0459,0.99,0.98,Na,0.01,S,16,0.02,1,800,0.8732650848593733
460,TY0460,0.98,0.98,Na,0.01,S,16,0.02,0,780,1.2957348777952076
461,TY0461,0.98,0.98,Na,0.01,S,16,0.02,1,800,0.865307474581654
462,TY0462,0.97,0.98,Na,0.01,S,16,0.02,0,800,1.289846863170307
463,TY0463,0.97,0.98,Na,0.01,S,16,0.02,1,800,0.922428059360898
464,TY0464,0.99,0.97,Na,0.01,S,16,0.03,0,800,1.288148644761522
465,TY0465,0.99,0.97,Na,0.01,S,16,0.03,1,800,0.9096037578495872
466,TY0466,0.98,0.97,Na,0.01,S,16,0.03,0,800,1.3600446159731647
467,TY0467,0.98,0.97,Na,0.01,S,16,0.03,1,800,0.922174275137238
468,TY0468,0.97,0.97,Na,0.01,S,16,0.03,0,800,1.4387820153137358
469,TY0469,0.97,0.97,Na,0.01,S,16,0.03,1,800,1.0054063438650669
470,TY0470,0.99,0.96,Na,0.01,S,16,0.04,0,800,1.1570855179574644
471,TY0471,0.99,0.96,Na,0.01,S,16,0.04,1,800,0.835528869823419
472,TY0472,0.98,0.96,Na,0.01,S,16,0.04,0,800,1.2798827854452623
473,TY0473,0.98,0.96,Na,0.01,S,16,0.04,1,800,0.885233914497732
474,TY0474,0.99,0.95,Na,0.01,S,16,0.05,0,800,1.2078462540058992
475,TY0475,0.99,0.95,Na,0.01,S,16,0.05,1,800,0.8498666958668425
476,TY0476,0.99,0.99,Na,0.01,Cl,17,0.01,0,780,0.9420929104254866
477,TY0477,0.99,0.99,Na,0.01,Cl,17,0.01,1,780,0.7477586679899748
478,TY0478,0.98,0.99,Na,0.01,Cl,17,0.01,0,740,1.235692008051457
479,TY0479,0.98,0.99,Na,0.01,Cl,17,0.01,1,740,0.7797887541027746
480,TY0480,0.97,0.99,Na,0.01,Cl,17,0.01,0,780,1.0607140564936055
481,TY0481,0.97,0.99,Na,0.01,Cl,17,0.01,1,780,0.7411355195048404
482,TY0482,0.99,0.98,Na,0.01,Cl,17,0.02,0,760,0.9489408445394244
483,TY0483,0.99,0.98,Na,0.01,Cl,17,0.02,1,780,0.7354809253846262
484,TY0484,0.98,0.98,Na,0.01,Cl,17,0.02,0,740,1.2569450975877017
485,TY0485,0.98,0.98,Na,0.01,Cl,17,0.02,1,740,0.8010928857680298
486,TY0486,0.97,0.98,Na,0.01,Cl,17,0.02,0,760,1.0910498372742468
487,TY0487,0.97,0.98,Na,0.01,Cl,17,0.02,1,760,0.7425143047836609
488,TY0488,0.99,0.97,Na,0.01,Cl,17,0.03,0,760,0.8627307807455253
489,TY0489,0.99,0.97,Na,0.01,Cl,17,0.03,1,740,0.7028281194904199
490,TY0490,0.98,0.97,Na,0.01,Cl,17,0.03,0,760,1.3233194063494031
491,TY0491,0.98,0.97,Na,0.01,Cl,17,0.03,1,740,0.8546729448724331
492,TY0492,0.97,0.97,Na,0.01,Cl,17,0.03,0,760,1.182866290431901
493,TY0493,0.97,0.97,Na,0.01,Cl,17,0.03,1,740,0.8110883457770549
494,TY0494,0.99,0.96,Na,0.01,Cl,17,0.04,0,800,1.085619142159558
495,TY0495,0.99,0.96,Na,0.01,Cl,17,0.04,1,800,0.840724184237849
496,TY0496,0.98,0.96,Na,0.01,Cl,17,0.04,0,800,1.2903187852869071
497,TY0497,0.98,0.96,Na,0.01,Cl,17,0.04,1,800,0.866195493025938
498,TY0498,0.99,0.95,Na,0.01,Cl,17,0.05,0,800,0.9913250445542316
499,TY0499,0.99,0.95,Na,0.01,Cl,17,0.05,1,800,0.7849828980361964
500,TY0500,0.99,0.99,Na,0.01,Br,35,0.01,0,800,1.3996962177611847
501,TY0501,0.99,0.99,Na,0.01,Br,35,0.01,1,800,1.225674055913253
502,TY0502,0.98,0.99,Na,0.01,Br,35,0.01,0,800,1.5991480307025678
503,TY0503,0.98,0.99,Na,0.01,Br,35,0.01,1,800,1.173792000654226
504,TY0504,0.97,0.99,Na,0.01,Br,35,0.01,0,800,1.4219749446704069
505,TY0505,0.97,0.99,Na,0.01,Br,35,0.01,1,800,1.0984723543416082
506,TY0506,0.99,0.98,Na,0.01,Br,35,0.02,0,800,1.0188711568983253
507,TY0507,0.99,0.98,Na,0.01,Br,35,0.02,1,800,0.8483672557654497
508,TY0508,0.98,0.98,Na,0.01,Br,35,0.02,0,740,1.557577666984991
509,TY0509,0.98,0.98,Na,0.01,Br,35,0.02,1,740,1.0724078058117843
510,TY0510,0.97,0.98,Na,0.01,Br,35,0.02,0,760,1.3097326007564176
511,TY0511,0.97,0.98,Na,0.01,Br,35,0.02,1,760,0.9681109801409808
512,TY0512,0.99,0.97,Na,0.01,Br,35,0.03,0,760,1.100374989007504
513,TY0513,0.99,0.97,Na,0.01,Br,35,0.03,1,760,0.8837431681370863
514,TY0514,0.98,0.97,Na,0.01,Br,35,0.03,0,760,1.5747717304361988
515,TY0515,0.98,0.97,Na,0.01,Br,35,0.03,1,740,1.117216486454123
516,TY0516,0.97,0.97,Na,0.01,Br,35,0.03,0,760,1.3194621644959603
517,TY0517,0.97,0.97,Na,0.01,Br,35,0.03,1,760,1.0041624258631685
518,TY0518,0.99,0.96,Na,0.01,Br,35,0.04,0,800,1.5936484965615416
519,TY0519,0.99,0.96,Na,0.01,Br,35,0.04,1,800,1.235403260622505
520,TY0520,0.98,0.96,Na,0.01,Br,35,0.04,0,800,1.7959609179348524
521,TY0521,0.98,0.96,Na,0.01,Br,35,0.04,1,800,1.241966576787099
522,TY0522,0.99,0.95,Na,0.01,Br,35,0.05,0,800,1.431026047075511
523,TY0523,0.99,0.95,Na,0.01,Br,35,0.05,1,820,1.0945909066420694
524,TY0524,0.99,0.99,Na,0.01,Te,52,0.01,0,800,1.2199239212616615
525,TY0525,0.99,0.99,Na,0.01,Te,52,0.01,1,800,1.0124070923886137
526,TY0526,0.98,0.99,Na,0.01,Te,52,0.01,0,800,1.588826833273166
527,TY0527,0.98,0.99,Na,0.01,Te,52,0.01,1,800,1.106706583403137
528,TY0528,0.97,0.99,Na,0.01,Te,52,0.01,0,800,1.5523673409982743
529,TY0529,0.97,0.99,Na,0.01,Te,52,0.01,1,800,1.097203469108119
530,TY0530,0.99,0.98,Na,0.01,Te,52,0.02,0,800,1.2948915355066355
531,TY0531,0.99,0.98,Na,0.01,Te,52,0.02,1,800,1.0635298159089202
532,TY0532,0.98,0.98,Na,0.01,Te,52,0.02,0,800,1.6243226478074797
533,TY0533,0.98,0.98,Na,0.01,Te,52,0.02,1,800,1.1222015225729165
534,TY0534,0.97,0.98,Na,0.01,Te,52,0.02,0,800,1.599491054522061
535,TY0535,0.97,0.98,Na,0.01,Te,52,0.02,1,800,1.1609265515758485
536,TY0536,0.99,0.97,Na,0.01,Te,52,0.03,0,800,1.326566086157411
537,TY0537,0.99,0.97,Na,0.01,Te,52,0.03,1,800,1.0466501090829137
538,TY0538,0.98,0.97,Na,0.01,Te,52,0.03,0,800,1.3853560589339386
539,TY0539,0.98,0.97,Na,0.01,Te,52,0.03,1,800,0.9872662707477552
540,TY0540,0.97,0.97,Na,0.01,Te,52,0.03,0,800,1.6096144774889585
541,TY0541,0.97,0.97,Na,0.01,Te,52,0.03,1,800,1.2020604364097738
542,TY0542,0.99,0.96,Na,0.01,Te,52,0.04,0,800,1.2929706622342316
543,TY0543,0.99,0.96,Na,0.01,Te,52,0.04,1,800,1.035376191350334
544,TY0544,0.98,0.96,Na,0.01,Te,52,0.04,0,800,1.4022423143592508
545,TY0545,0.98,0.96,Na,0.01,Te,52,0.04,1,800,1.0265156640756754
546,TY0546,0.99,0.95,Na,0.01,Te,52,0.05,0,780,1.1446817045712443
547,TY0547,0.99,0.95,Na,0.01,Te,52,0.05,1,780,0.9324087960180896
548,TY0548,0.99,0.99,Na,0.01,I,53,0.01,0,800,1.2939427744516807
549,TY0549,0.99,0.99,Na,0.01,I,53,0.01,1,800,1.1528030325311505
550,TY0550,0.98,0.99,Na,0.01,I,53,0.01,0,800,1.8551346034781535
551,TY0551,0.98,0.99,Na,0.01,I,53,0.01,1,800,1.361143355022222
552,TY0552,0.97,0.99,Na,0.01,I,53,0.01,0,800,1.5462658816288954
553,TY0553,0.97,0.99,Na,0.01,I,53,0.01,1,800,1.1511521550093318
