,id,Sn_ratio,Se_ratio,Cl,Cl_ratio,dopant_name,dopant,dopant_ratio,direction,temp,ZT
0,TY0554,0.99,0.99,Cl,0.01,Li,3,0.01,0,800,0.9917026012789156
1,TY0555,0.99,0.99,Cl,0.01,Li,3,0.01,1,800,0.6859946376991396
2,TY0556,0.98,0.99,Cl,0.01,Li,3,0.01,0,800,1.3300126720808996
3,TY0557,0.98,0.99,Cl,0.01,Li,3,0.01,1,800,0.8538929848299175
4,TY0558,0.97,0.99,Cl,0.01,Li,3,0.01,0,800,1.2537726323531275
5,TY0559,0.97,0.99,Cl,0.01,Li,3,0.01,1,800,0.8281310089568128
6,TY0560,0.98,0.99,Cl,0.01,Li,3,0.02,0,800,0.9621359751707962
7,TY0561,0.98,0.99,Cl,0.01,Li,3,0.02,1,800,0.6196889133602002
8,TY0562,0.97,0.99,Cl,0.01,Li,3,0.02,0,800,1.2414790956246935
9,TY0563,0.97,0.99,Cl,0.01,Li,3,0.02,1,800,0.8168961485573134
10,TY0564,0.96,0.99,Cl,0.01,Li,3,0.02,0,800,1.2872220180323637
11,TY0565,0.96,0.99,Cl,0.01,Li,3,0.02,1,800,0.8565879709063747
12,TY0566,0.97,0.99,Cl,0.01,Li,3,0.03,0,800,1.061345703782558
13,TY0567,0.97,0.99,Cl,0.01,Li,3,0.03,1,800,0.6760059538042983
14,TY0568,0.96,0.99,Cl,0.01,Li,3,0.03,0,800,1.337578253549973
15,TY0569,0.96,0.99,Cl,0.01,Li,3,0.03,1,800,0.8913211755441057
16,TY0570,0.95,0.99,Cl,0.01,Li,3,0.03,0,800,1.5024316438315253
17,TY0571,0.95,0.99,Cl,0.01,Li,3,0.03,1,800,0.9626500393466024
18,TY0572,0.96,0.99,Cl,0.01,Li,3,0.04,0,800,1.3821736253508834
19,TY0573,0.96,0.99,Cl,0.01,Li,3,0.04,1,800,0.8806545454455178
20,TY0574,0.95,0.99,Cl,0.01,Li,3,0.04,0,800,1.4844164149895835
21,TY0575,0.95,0.99,Cl,0.01,Li,3,0.04,1,800,0.9487140774563684
22,TY0576,0.95,0.99,Cl,0.01,Li,3,0.05,0,800,1.4179066998229284
23,TY0577,0.95,0.99,Cl,0.01,Li,3,0.05,1,800,0.9941878850324636
24,TY0578,0.99,0.99,Cl,0.01,Na,11,0.01,0,800,0.7982889045734837
25,TY0579,0.99,0.99,Cl,0.01,Na,11,0.01,1,800,0.5829217258667526
26,TY0580,0.98,0.99,Cl,0.01,Na,11,0.01,0,800,1.1856563083175415
27,TY0581,0.98,0.99,Cl,0.01,Na,11,0.01,1,800,0.7400836724329929
28,TY0582,0.97,0.99,Cl,0.01,Na,11,0.01,0,800,1.0514361094799274
29,TY0583,0.97,0.99,Cl,0.01,Na,11,0.01,1,800,0.6923361351410136
30,TY0584,0.98,0.99,Cl,0.01,Na,11,0.02,0,800,0.9436298301183016
31,TY0585,0.98,0.99,Cl,0.01,Na,11,0.02,1,800,0.6603750370364495
32,TY0586,0.97,0.99,Cl,0.01,Na,11,0.02,0,800,1.2505105932205385
33,TY0587,0.97,0.99,Cl,0.01,Na,11,0.02,1,800,0.8323050316167123
34,TY0588,0.96,0.99,Cl,0.01,Na,11,0.02,0,800,1.4202212693905938
35,TY0589,0.96,0.99,Cl,0.01,Na,11,0.02,1,800,0.949659561455746
36,TY0590,0.97,0.99,Cl,0.01,Na,11,0.03,0,800,0.979492211557952
37,TY0591,0.97,0.99,Cl,0.01,Na,11,0.03,1,800,0.6994536802472445
38,TY0592,0.96,0.99,Cl,0.01,Na,11,0.03,0,800,1.3090496985306812
39,TY0593,0.96,0.99,Cl,0.01,Na,11,0.03,1,800,0.8678107882847851
40,TY0594,0.95,0.99,Cl,0.01,Na,11,0.03,0,800,1.4931649445985702
41,TY0595,0.95,0.99,Cl,0.01,Na,11,0.03,1,800,0.9822055624431149
42,TY0596,0.96,0.99,Cl,0.01,Na,11,0.04,0,800,1.02522118931313
43,TY0597,0.96,0.99,Cl,0.01,Na,11,0.04,1,800,0.7698072967273533
44,TY0598,0.95,0.99,Cl,0.01,Na,11,0.04,0,800,1.229505269784824
45,TY0599,0.95,0.99,Cl,0.01,Na,11,0.04,1,800,0.8194232805741982
46,TY0600,0.95,0.99,Cl,0.01,Na,11,0.05,0,800,1.0434211012774373
47,TY0601,0.95,0.99,Cl,0.01,Na,11,0.05,1,800,0.8216890585006031
48,TY0602,0.99,0.99,Cl,0.01,Mg,12,0.01,0,800,1.3723075100370183
49,TY0603,0.99,0.99,Cl,0.01,Mg,12,0.01,1,800,0.9364532499301288
50,TY0604,0.98,0.99,Cl,0.01,Mg,12,0.01,0,800,1.37731254785296
51,TY0605,0.98,0.99,Cl,0.01,Mg,12,0.01,1,800,0.8799592658122057
52,TY0606,0.97,0.99,Cl,0.01,Mg,12,0.01,0,800,1.3009798813890174
53,TY0607,0.97,0.99,Cl,0.01,Mg,12,0.01,1,800,0.8903806100004694
54,TY0608,0.98,0.99,Cl,0.01,Mg,12,0.02,0,800,1.4339211817655422
55,TY0609,0.98,0.99,Cl,0.01,Mg,12,0.02,1,800,0.9425351544930048
56,TY0610,0.97,0.99,Cl,0.01,Mg,12,0.02,0,800,1.9801442242274183
57,TY0611,0.97,0.99,Cl,0.01,Mg,12,0.02,1,800,1.3024759782608124
58,TY0612,0.96,0.99,Cl,0.01,Mg,12,0.02,0,800,1.5797580632000936
59,TY0613,0.96,0.99,Cl,0.01,Mg,12,0.02,1,800,1.1074720706533834
60,TY0614,0.99,0.99,Cl,0.01,P,15,0.01,0,820,0.71326455514901
61,TY0615,0.99,0.99,Cl,0.01,P,15,0.01,1,820,0.5483107104924614
62,TY0616,0.98,0.99,Cl,0.01,P,15,0.01,0,800,1.0850944797623785
63,TY0617,0.98,0.99,Cl,0.01,P,15,0.01,1,800,0.7402353223269562
64,TY0618,0.97,0.99,Cl,0.01,P,15,0.01,0,800,1.055816791526362
65,TY0619,0.97,0.99,Cl,0.01,P,15,0.01,1,800,0.7335037526568435
66,TY0620,0.98,0.99,Cl,0.01,P,15,0.02,0,800,1.1165701125324834
67,TY0621,0.98,0.99,Cl,0.01,P,15,0.02,1,800,0.7626729786237584
68,TY0622,0.97,0.99,Cl,0.01,P,15,0.02,0,800,1.0980624451515597
69,TY0623,0.97,0.99,Cl,0.01,P,15,0.02,1,800,0.7541828950297387
70,TY0624,0.96,0.99,Cl,0.01,P,15,0.02,0,800,1.2627821512640165
71,TY0625,0.96,0.99,Cl,0.01,P,15,0.02,1,800,0.8936435214573488
72,TY0626,0.97,0.99,Cl,0.01,P,15,0.03,0,820,0.9582692160088994
73,TY0627,0.97,0.99,Cl,0.01,P,15,0.03,1,820,0.6930089272640637
74,TY0628,0.96,0.99,Cl,0.01,P,15,0.03,0,820,1.0807654620303782
75,TY0629,0.96,0.99,Cl,0.01,P,15,0.03,1,820,0.7842780208347827
76,TY0630,0.95,0.99,Cl,0.01,P,15,0.03,0,820,1.220033198207237
77,TY0631,0.95,0.99,Cl,0.01,P,15,0.03,1,800,0.8424659443133372
78,TY0632,0.96,0.99,Cl,0.01,P,15,0.04,0,820,0.929513381253394
79,TY0633,0.96,0.99,Cl,0.01,P,15,0.04,1,820,0.735591047478998
80,TY0634,0.95,0.99,Cl,0.01,P,15,0.04,0,820,1.120771985425138
81,TY0635,0.95,0.99,Cl,0.01,P,15,0.04,1,820,0.7955577725449128
82,TY0636,0.99,0.99,Cl,0.01,K,19,0.01,0,800,0.8438521844501982
83,TY0637,0.99,0.99,Cl,0.01,K,19,0.01,1,800,0.6392584283647387
84,TY0638,0.98,0.99,Cl,0.01,K,19,0.01,0,800,1.1584529750193848
85,TY0639,0.98,0.99,Cl,0.01,K,19,0.01,1,800,0.7398686268200172
86,TY0640,0.97,0.99,Cl,0.01,K,19,0.01,0,800,1.2641397306904891
87,TY0641,0.97,0.99,Cl,0.01,K,19,0.01,1,800,0.8121558560192512
88,TY0642,0.98,0.99,Cl,0.01,K,19,0.02,0,800,1.1639524958095064
89,TY0643,0.98,0.99,Cl,0.01,K,19,0.02,1,800,0.8210762728822202
90,TY0644,0.97,0.99,Cl,0.01,K,19,0.02,0,800,1.426564720751944
91,TY0645,0.97,0.99,Cl,0.01,K,19,0.02,1,800,0.918202439269929
92,TY0646,0.96,0.99,Cl,0.01,K,19,0.02,0,800,1.5134080932653735
93,TY0647,0.96,0.99,Cl,0.01,K,19,0.02,1,800,0.9864336382480056
94,TY0648,0.97,0.99,Cl,0.01,K,19,0.03,0,800,1.2226625933093822
95,TY0649,0.97,0.99,Cl,0.01,K,19,0.03,1,800,0.8333459894248909
96,TY0650,0.96,0.99,Cl,0.01,K,19,0.03,0,800,1.33169321453967
97,TY0651,0.96,0.99,Cl,0.01,K,19,0.03,1,800,0.933860848007336
98,TY0652,0.95,0.99,Cl,0.01,K,19,0.03,0,800,1.534995984236062
99,TY0653,0.95,0.99,Cl,0.01,K,19,0.03,1,800,0.9953939595425694
100,TY0654,0.96,0.99,Cl,0.01,K,19,0.04,0,800,1.1597418527399066
101,TY0655,0.96,0.99,Cl,0.01,K,19,0.04,1,800,0.8297731611793456
102,TY0656,0.95,0.99,Cl,0.01,K,19,0.04,0,800,1.4491152586068232
103,TY0657,0.95,0.99,Cl,0.01,K,19,0.04,1,800,1.0061984231352734
104,TY0658,0.95,0.99,Cl,0.01,K,19,0.05,0,800,1.2476520225247152
105,TY0659,0.95,0.99,Cl,0.01,K,19,0.05,1,800,0.9106026185486524
106,TY0660,0.99,0.99,Cl,0.01,Ca,20,0.01,0,800,1.5372384238690846
107,TY0661,0.99,0.99,Cl,0.01,Ca,20,0.01,1,800,1.049500841381095
108,TY0662,0.98,0.99,Cl,0.01,Ca,20,0.01,0,800,1.4797530428790098
109,TY0663,0.98,0.99,Cl,0.01,Ca,20,0.01,1,800,0.9247323801358036
110,TY0664,0.97,0.99,Cl,0.01,Ca,20,0.01,0,800,1.3416557685898591
111,TY0665,0.97,0.99,Cl,0.01,Ca,20,0.01,1,800,0.8930910878800278
112,TY0666,0.98,0.99,Cl,0.01,Ca,20,0.02,0,800,1.4715822282877051
113,TY0667,0.98,0.99,Cl,0.01,Ca,20,0.02,1,800,0.9935686972432012
114,TY0668,0.97,0.99,Cl,0.01,Ca,20,0.02,0,800,1.6051568677965484
115,TY0669,0.97,0.99,Cl,0.01,Ca,20,0.02,1,800,1.0025594212986173
116,TY0670,0.96,0.99,Cl,0.01,Ca,20,0.02,0,800,1.6067606880074856
117,TY0671,0.96,0.99,Cl,0.01,Ca,20,0.02,1,800,1.0167547524669358
118,TY0672,0.97,0.99,Cl,0.01,Ca,20,0.03,0,800,1.325484196954018
119,TY0673,0.97,0.99,Cl,0.01,Ca,20,0.03,1,800,0.9003792519220356
120,TY0674,0.96,0.99,Cl,0.01,Ca,20,0.03,0,800,1.6271837260980866
121,TY0675,0.96,0.99,Cl,0.01,Ca,20,0.03,1,800,1.0875226140210317
122,TY0676,0.95,0.99,Cl,0.01,Ca,20,0.03,0,800,1.9953881503285769
123,TY0677,0.95,0.99,Cl,0.01,Ca,20,0.03,1,800,1.2638781579048128
124,TY0678,0.96,0.99,Cl,0.01,Ca,20,0.04,0,800,1.7166757292197232
125,TY0679,0.96,0.99,Cl,0.01,Ca,20,0.04,1,800,1.1559152862624296
126,TY0680,0.95,0.99,Cl,0.01,Ca,20,0.04,0,800,1.7993823440483396
127,TY0681,0.95,0.99,Cl,0.01,Ca,20,0.04,1,800,1.1804213255734954
128,TY0682,0.95,0.99,Cl,0.01,Ca,20,0.05,0,800,1.5331302933058713
129,TY0683,0.95,0.99,Cl,0.01,Ca,20,0.05,1,800,1.1069795361683032
130,TY0684,0.99,0.99,Cl,0.01,Mn,25,0.01,0,820,1.4018598386763856
131,TY0685,0.99,0.99,Cl,0.01,Mn,25,0.01,1,820,0.9279922442185604
132,TY0686,0.98,0.99,Cl,0.01,Mn,25,0.01,0,800,1.731370217395772
133,TY0687,0.98,0.99,Cl,0.01,Mn,25,0.01,1,800,1.0575077925817986
134,TY0688,0.97,0.99,Cl,0.01,Mn,25,0.01,0,800,1.1919346536041338
135,TY0689,0.97,0.99,Cl,0.01,Mn,25,0.01,1,800,0.7946143610003585
136,TY0690,0.98,0.99,Cl,0.01,Mn,25,0.02,0,800,1.322619968519587
137,TY0691,0.98,0.99,Cl,0.01,Mn,25,0.02,1,800,0.874352206367177
138,TY0692,0.97,0.99,Cl,0.01,Mn,25,0.02,0,800,1.6124554135459397
139,TY0693,0.97,0.99,Cl,0.01,Mn,25,0.02,1,800,0.9533636082013132
140,TY0694,0.96,0.99,Cl,0.01,Mn,25,0.02,0,800,1.6248866048785795
141,TY0695,0.96,0.99,Cl,0.01,Mn,25,0.02,1,800,1.076502600258686
142,TY0696,0.97,0.99,Cl,0.01,Mn,25,0.03,0,800,1.2820619098777963
143,TY0697,0.97,0.99,Cl,0.01,Mn,25,0.03,1,800,0.8450210543876973
144,TY0698,0.96,0.99,Cl,0.01,Mn,25,0.03,0,800,1.5149250445929086
145,TY0699,0.96,0.99,Cl,0.01,Mn,25,0.03,1,800,0.9824663332490696
146,TY0700,0.95,0.99,Cl,0.01,Mn,25,0.03,0,800,1.6129564157872245
147,TY0701,0.95,0.99,Cl,0.01,Mn,25,0.03,1,800,1.044047776772837
148,TY0702,0.96,0.99,Cl,0.01,Mn,25,0.04,0,800,1.1876002198548898
149,TY0703,0.96,0.99,Cl,0.01,Mn,25,0.04,1,800,0.784998457153052
150,TY0704,0.95,0.99,Cl,0.01,Mn,25,0.04,0,800,1.4257769874241355
151,TY0705,0.95,0.99,Cl,0.01,Mn,25,0.04,1,800,0.9139484936892696
152,TY0706,0.95,0.99,Cl,0.01,Mn,25,0.05,0,820,1.1979950270145254
153,TY0707,0.95,0.99,Cl,0.01,Mn,25,0.05,1,800,0.7586942871854365
154,TY0708,0.99,0.99,Cl,0.01,Ge,32,0.01,0,820,1.5484544278155814
155,TY0709,0.99,0.99,Cl,0.01,Ge,32,0.01,1,820,1.093009524022964
156,TY0710,0.98,0.99,Cl,0.01,Ge,32,0.01,0,800,1.623343134523872
157,TY0711,0.98,0.99,Cl,0.01,Ge,32,0.01,1,800,1.0977097680702017
158,TY0712,0.97,0.99,Cl,0.01,Ge,32,0.01,0,800,1.3207712187577234
159,TY0713,0.97,0.99,Cl,0.01,Ge,32,0.01,1,800,0.9255428291078714
160,TY0714,0.98,0.99,Cl,0.01,Ge,32,0.02,0,800,1.7317571003500585
161,TY0715,0.98,0.99,Cl,0.01,Ge,32,0.02,1,800,1.081021213042507
162,TY0716,0.97,0.99,Cl,0.01,Ge,32,0.02,0,800,1.8112133543406503
163,TY0717,0.97,0.99,Cl,0.01,Ge,32,0.02,1,800,1.2286917703721456
164,TY0718,0.96,0.99,Cl,0.01,Ge,32,0.02,0,800,1.671407247969805
165,TY0719,0.96,0.99,Cl,0.01,Ge,32,0.02,1,800,1.213254955330282
166,TY0720,0.97,0.99,Cl,0.01,Ge,32,0.03,0,800,1.3810221442814852
167,TY0721,0.97,0.99,Cl,0.01,Ge,32,0.03,1,800,0.8905414834140808
168,TY0722,0.96,0.99,Cl,0.01,Ge,32,0.03,0,800,1.6067721733982865
169,TY0723,0.96,0.99,Cl,0.01,Ge,32,0.03,1,800,1.2027230869548933
170,TY0724,0.95,0.99,Cl,0.01,Ge,32,0.03,0,800,1.7865372323307511
171,TY0725,0.95,0.99,Cl,0.01,Ge,32,0.03,1,800,1.3291372207599428
172,TY0726,0.96,0.99,Cl,0.01,Ge,32,0.04,0,800,1.3878058952661858
173,TY0727,0.96,0.99,Cl,0.01,Ge,32,0.04,1,800,0.8662520248069477
174,TY0728,0.95,0.99,Cl,0.01,Ge,32,0.04,0,800,1.702871549325259
175,TY0729,0.95,0.99,Cl,0.01,Ge,32,0.04,1,800,1.189205103744113
176,TY0730,0.95,0.99,Cl,0.01,Ge,32,0.05,0,820,1.4255992157355049
177,TY0731,0.95,0.99,Cl,0.01,Ge,32,0.05,1,820,0.8896225837848911
178,TY0732,0.99,0.99,Cl,0.01,As,33,0.01,0,820,1.3341123198043052
179,TY0733,0.99,0.99,Cl,0.01,As,33,0.01,1,820,0.9306708478843416
180,TY0734,0.98,0.99,Cl,0.01,As,33,0.01,0,820,1.2107435985831574
181,TY0735,0.98,0.99,Cl,0.01,As,33,0.01,1,820,0.8702987066963552
182,TY0736,0.97,0.99,Cl,0.01,As,33,0.01,0,820,1.0415024611194947
183,TY0737,0.97,0.99,Cl,0.01,As,33,0.01,1,820,0.7706568952554868
184,TY0738,0.98,0.99,Cl,0.01,As,33,0.02,0,820,1.3310929888645833
185,TY0739,0.98,0.99,Cl,0.01,As,33,0.02,1,820,0.8412235287285427
186,TY0740,0.97,0.99,Cl,0.01,As,33,0.02,0,820,1.2089728600964622
187,TY0741,0.97,0.99,Cl,0.01,As,33,0.02,1,800,0.918569448780156
188,TY0742,0.96,0.99,Cl,0.01,As,33,0.02,0,800,1.088532416127626
189,TY0743,0.96,0.99,Cl,0.01,As,33,0.02,1,800,0.8111302141674633
190,TY0744,0.97,0.99,Cl,0.01,As,33,0.03,0,820,1.1433881792825795
191,TY0745,0.97,0.99,Cl,0.01,As,33,0.03,1,820,0.7674280275805847
192,TY0746,0.96,0.99,Cl,0.01,As,33,0.03,0,820,1.2316672836655678
193,TY0747,0.96,0.99,Cl,0.01,As,33,0.03,1,820,0.9376196372874448
194,TY0748,0.95,0.99,Cl,0.01,As,33,0.03,0,820,1.2919823814815334
195,TY0749,0.95,0.99,Cl,0.01,As,33,0.03,1,800,0.9693447556895168
196,TY0750,0.96,0.99,Cl,0.01,As,33,0.04,0,820,1.4722225646184175
197,TY0751,0.96,0.99,Cl,0.01,As,33,0.04,1,820,1.0145433284402487
198,TY0752,0.95,0.99,Cl,0.01,As,33,0.04,0,820,1.7133917469321718
199,TY0753,0.95,0.99,Cl,0.01,As,33,0.04,1,820,1.1791960095059182
200,TY0754,0.95,0.99,Cl,0.01,As,33,0.05,0,820,1.3367208377754989
201,TY0755,0.95,0.99,Cl,0.01,As,33,0.05,1,820,1.00138904251064
202,TY0756,0.99,0.99,Cl,0.01,Rb,37,0.01,0,800,0.8456685673707373
203,TY0757,0.99,0.99,Cl,0.01,Rb,37,0.01,1,800,0.6917981835198067
204,TY0758,0.98,0.99,Cl,0.01,Rb,37,0.01,0,800,1.067913072980683
205,TY0759,0.98,0.99,Cl,0.01,Rb,37,0.01,1,800,0.7041999494929533
206,TY0760,0.97,0.99,Cl,0.01,Rb,37,0.01,0,800,1.193677315090783
207,TY0761,0.97,0.99,Cl,0.01,Rb,37,0.01,1,800,0.8135921246110874
208,TY0762,0.98,0.99,Cl,0.01,Rb,37,0.02,0,800,1.284098585610684
209,TY0763,0.98,0.99,Cl,0.01,Rb,37,0.02,1,800,0.9519643073362866
210,TY0764,0.97,0.99,Cl,0.01,Rb,37,0.02,0,800,1.3744103011899165
211,TY0765,0.97,0.99,Cl,0.01,Rb,37,0.02,1,800,1.0208591441767931
212,TY0766,0.96,0.99,Cl,0.01,Rb,37,0.02,0,800,1.429371980956284
213,TY0767,0.96,0.99,Cl,0.01,Rb,37,0.02,1,800,1.0384880505848386
214,TY0768,0.99,0.99,Cl,0.01,Sr,38,0.01,0,800,1.2868759795419151
215,TY0769,0.99,0.99,Cl,0.01,Sr,38,0.01,1,800,0.9708641003729546
216,TY0770,0.98,0.99,Cl,0.01,Sr,38,0.01,0,800,1.3677569457316938
217,TY0771,0.98,0.99,Cl,0.01,Sr,38,0.01,1,800,0.9174390378412748
218,TY0772,0.97,0.99,Cl,0.01,Sr,38,0.01,0,800,1.3245691691433863
219,TY0773,0.97,0.99,Cl,0.01,Sr,38,0.01,1,800,0.9068072336831514
220,TY0774,0.98,0.99,Cl,0.01,Sr,38,0.02,0,800,1.3637340945255276
221,TY0775,0.98,0.99,Cl,0.01,Sr,38,0.02,1,800,0.9840218577632988
222,TY0776,0.97,0.99,Cl,0.01,Sr,38,0.02,0,800,1.3041254502454795
223,TY0777,0.97,0.99,Cl,0.01,Sr,38,0.02,1,800,0.8859864696825306
224,TY0778,0.96,0.99,Cl,0.01,Sr,38,0.02,0,800,1.3873349663651124
225,TY0779,0.96,0.99,Cl,0.01,Sr,38,0.02,1,800,0.9579117460609776
226,TY0780,0.97,0.99,Cl,0.01,Sr,38,0.03,0,800,1.207479842736672
227,TY0781,0.97,0.99,Cl,0.01,Sr,38,0.03,1,800,0.8194266016021142
228,TY0782,0.96,0.99,Cl,0.01,Sr,38,0.03,0,800,1.4121700904154466
229,TY0783,0.96,0.99,Cl,0.01,Sr,38,0.03,1,800,0.9850418981889564
230,TY0784,0.95,0.99,Cl,0.01,Sr,38,0.03,0,800,1.6486547744977722
231,TY0785,0.95,0.99,Cl,0.01,Sr,38,0.03,1,800,1.0901231021960012
232,TY0786,0.96,0.99,Cl,0.01,Sr,38,0.04,0,800,1.3212621168946512
233,TY0787,0.96,0.99,Cl,0.01,Sr,38,0.04,1,800,0.9718488294902968
234,TY0788,0.95,0.99,Cl,0.01,Sr,38,0.04,0,800,1.5285675211649874
235,TY0789,0.95,0.99,Cl,0.01,Sr,38,0.04,1,800,1.1378623860247696
236,TY0790,0.95,0.99,Cl,0.01,Sr,38,0.05,0,800,1.391635923123489
237,TY0791,0.95,0.99,Cl,0.01,Sr,38,0.05,1,800,1.055444622257987
238,TY0792,0.99,0.99,Cl,0.01,Y,39,0.01,0,820,1.7913362633603127
239,TY0793,0.99,0.99,Cl,0.01,Y,39,0.01,1,820,1.1991557530251356
240,TY0794,0.98,0.99,Cl,0.01,Y,39,0.01,0,800,1.8923795557508825
241,TY0795,0.98,0.99,Cl,0.01,Y,39,0.01,1,800,1.1826052739110242
242,TY0796,0.97,0.99,Cl,0.01,Y,39,0.01,0,800,1.684022582095188
243,TY0797,0.97,0.99,Cl,0.01,Y,39,0.01,1,800,1.066376734550135
244,TY0798,0.99,0.99,Cl,0.01,Ag,47,0.01,0,800,1.2333928389045137
245,TY0799,0.99,0.99,Cl,0.01,Ag,47,0.01,1,800,0.839878882734434
246,TY0800,0.98,0.99,Cl,0.01,Ag,47,0.01,0,740,1.0997997683292382
247,TY0801,0.98,0.99,Cl,0.01,Ag,47,0.01,1,800,0.6883029560148777
248,TY0802,0.97,0.99,Cl,0.01,Ag,47,0.01,0,800,0.8044358499742129
249,TY0803,0.97,0.99,Cl,0.01,Ag,47,0.01,1,740,0.556840048748095
250,TY0804,0.98,0.99,Cl,0.01,Ag,47,0.02,0,820,0.7401985297433316
251,TY0805,0.98,0.99,Cl,0.01,Ag,47,0.02,1,820,0.5430254790445189
252,TY0806,0.97,0.99,Cl,0.01,Ag,47,0.02,0,820,0.8111213165643709
253,TY0807,0.97,0.99,Cl,0.01,Ag,47,0.02,1,820,0.5763487572304503
254,TY0808,0.96,0.99,Cl,0.01,Ag,47,0.02,0,820,0.8010574887518059
255,TY0809,0.96,0.99,Cl,0.01,Ag,47,0.02,1,800,0.6389046779259459
256,TY0810,0.97,0.99,Cl,0.01,Ag,47,0.03,0,820,0.6474533227459257
257,TY0811,0.97,0.99,Cl,0.01,Ag,47,0.03,1,820,0.4534560376824877
258,TY0812,0.96,0.99,Cl,0.01,Ag,47,0.03,0,820,0.8693148743396485
259,TY0813,0.96,0.99,Cl,0.01,Ag,47,0.03,1,820,0.5969527315654896
260,TY0814,0.95,0.99,Cl,0.01,Ag,47,0.03,0,820,0.8994579445956554
261,TY0815,0.95,0.99,Cl,0.01,Ag,47,0.03,1,820,0.6718923246418067
262,TY0816,0.96,0.99,Cl,0.01,Ag,47,0.04,0,740,0.6445636902733373
263,TY0817,0.96,0.99,Cl,0.01,Ag,47,0.04,1,740,0.4643008832248243
264,TY0818,0.95,0.99,Cl,0.01,Ag,47,0.04,0,820,0.8198454657056599
265,TY0819,0.95,0.99,Cl,0.01,Ag,47,0.04,1,820,0.5722754486028306
266,TY0820,0.95,0.99,Cl,0.01,Ag,47,0.05,0,740,0.6650813439131568
267,TY0821,0.95,0.99,Cl,0.01,Ag,47,0.05,1,740,0.4640045329373212
268,TY0822,0.99,0.99,Cl,0.01,Cd,48,0.01,0,800,0.8982166281738009
269,TY0823,0.99,0.99,Cl,0.01,Cd,48,0.01,1,800,0.6645882620566965
270,TY0824,0.98,0.99,Cl,0.01,Cd,48,0.01,0,800,1.3857962463896316
271,TY0825,0.98,0.99,Cl,0.01,Cd,48,0.01,1,800,0.9623689489634012
272,TY0826,0.97,0.99,Cl,0.01,Cd,48,0.01,0,800,1.302003506785257
273,TY0827,0.97,0.99,Cl,0.01,Cd,48,0.01,1,800,0.9300654014028552
274,TY0828,0.98,0.99,Cl,0.01,Cd,48,0.02,0,800,1.261095075541338
275,TY0829,0.98,0.99,Cl,0.01,Cd,48,0.02,1,800,0.8982293202216336
276,TY0830,0.97,0.99,Cl,0.01,Cd,48,0.02,0,800,1.3634157152013906
277,TY0831,0.97,0.99,Cl,0.01,Cd,48,0.02,1,800,0.9919551830993516
278,TY0832,0.96,0.99,Cl,0.01,Cd,48,0.02,0,800,1.30790171412843
279,TY0833,0.96,0.99,Cl,0.01,Cd,48,0.02,1,800,0.9813263857380656
280,TY0834,0.97,0.99,Cl,0.01,Cd,48,0.03,0,800,1.6286503082283983
281,TY0835,0.97,0.99,Cl,0.01,Cd,48,0.03,1,800,1.1822185880790308
282,TY0836,0.96,0.99,Cl,0.01,Cd,48,0.03,0,800,1.4142428506083695
283,TY0837,0.96,0.99,Cl,0.01,Cd,48,0.03,1,800,1.0908014371853694
284,TY0838,0.95,0.99,Cl,0.01,Cd,48,0.03,0,800,1.44621544841239
285,TY0839,0.95,0.99,Cl,0.01,Cd,48,0.03,1,800,1.0957766903302333
286,TY0840,0.99,0.99,Cl,0.01,In,49,0.01,0,800,0.7496705724184056
287,TY0841,0.99,0.99,Cl,0.01,In,49,0.01,1,820,0.6215226060203608
288,TY0842,0.98,0.99,Cl,0.01,In,49,0.01,0,800,1.1040834288794732
289,TY0843,0.98,0.99,Cl,0.01,In,49,0.01,1,800,0.811537420584902
290,TY0844,0.97,0.99,Cl,0.01,In,49,0.01,0,800,0.9913984354152072
291,TY0845,0.97,0.99,Cl,0.01,In,49,0.01,1,800,0.801854462862589
292,TY0846,0.98,0.99,Cl,0.01,In,49,0.02,0,800,0.963544840743414
293,TY0847,0.98,0.99,Cl,0.01,In,49,0.02,1,800,0.766812313540991
294,TY0848,0.97,0.99,Cl,0.01,In,49,0.02,0,800,0.8665075471261496
295,TY0849,0.97,0.99,Cl,0.01,In,49,0.02,1,800,0.684191011228225
296,TY0850,0.96,0.99,Cl,0.01,In,49,0.02,0,800,0.8521209987135384
297,TY0851,0.96,0.99,Cl,0.01,In,49,0.02,1,800,0.7683688932135738
298,TY0852,0.97,0.99,Cl,0.01,In,49,0.03,0,800,0.7941499313813966
299,TY0853,0.97,0.99,Cl,0.01,In,49,0.03,1,820,0.6237357195275157
300,TY0854,0.96,0.99,Cl,0.01,In,49,0.03,0,800,0.8642664169865499
301,TY0855,0.96,0.99,Cl,0.01,In,49,0.03,1,800,0.6835638066068872
302,TY0856,0.95,0.99,Cl,0.01,In,49,0.03,0,800,0.982252930038493
303,TY0857,0.95,0.99,Cl,0.01,In,49,0.03,1,800,0.7831100239936885
304,TY0858,0.96,0.99,Cl,0.01,In,49,0.04,0,800,0.8697337511414446
305,TY0859,0.96,0.99,Cl,0.01,In,49,0.04,1,820,0.719348837342767
306,TY0860,0.95,0.99,Cl,0.01,In,49,0.04,0,800,0.9633473794724872
307,TY0861,0.95,0.99,Cl,0.01,In,49,0.04,1,820,0.8008913044436903
308,TY0862,0.99,0.99,Cl,0.01,Sb,51,0.01,0,820,1.1333807032975447
309,TY0863,0.99,0.99,Cl,0.01,Sb,51,0.01,1,820,0.8267476762964353
310,TY0864,0.98,0.99,Cl,0.01,Sb,51,0.01,0,800,1.0007909569329658
311,TY0865,0.98,0.99,Cl,0.01,Sb,51,0.01,1,820,0.7640547350428566
312,TY0866,0.97,0.99,Cl,0.01,Sb,51,0.01,0,800,0.8513264859957962
313,TY0867,0.97,0.99,Cl,0.01,Sb,51,0.01,1,820,0.6494334689536543
314,TY0868,0.98,0.99,Cl,0.01,Sb,51,0.02,0,800,1.136665238596373
315,TY0869,0.98,0.99,Cl,0.01,Sb,51,0.02,1,820,0.7454310056896063
316,TY0870,0.97,0.99,Cl,0.01,Sb,51,0.02,0,800,1.0564419451938976
317,TY0871,0.97,0.99,Cl,0.01,Sb,51,0.02,1,800,0.8038320490702612
318,TY0872,0.96,0.99,Cl,0.01,Sb,51,0.02,0,800,0.8955652836713682
319,TY0873,0.96,0.99,Cl,0.01,Sb,51,0.02,1,800,0.7209899977045793
320,TY0874,0.97,0.99,Cl,0.01,Sb,51,0.03,0,820,0.999475435050058
321,TY0875,0.97,0.99,Cl,0.01,Sb,51,0.03,1,800,0.6588809014686497
322,TY0876,0.96,0.99,Cl,0.01,Sb,51,0.03,0,800,1.130846043806533
323,TY0877,0.96,0.99,Cl,0.01,Sb,51,0.03,1,800,0.9010900173936794
324,TY0878,0.95,0.99,Cl,0.01,Sb,51,0.03,0,800,1.140223340416996
325,TY0879,0.95,0.99,Cl,0.01,Sb,51,0.03,1,800,0.882386560059335
326,TY0880,0.96,0.99,Cl,0.01,Sb,51,0.04,0,820,1.1315795347514628
327,TY0881,0.96,0.99,Cl,0.01,Sb,51,0.04,1,820,0.7514511284656796
328,TY0882,0.95,0.99,Cl,0.01,Sb,51,0.04,0,800,1.2560990330470845
329,TY0883,0.95,0.99,Cl,0.01,Sb,51,0.04,1,800,1.0321695168191054
330,TY0884,0.95,0.99,Cl,0.01,Sb,51,0.05,0,820,1.192811064753161
331,TY0885,0.95,0.99,Cl,0.01,Sb,51,0.05,1,820,0.7922819455312939
332,TY0886,0.99,0.99,Cl,0.01,Ba,56,0.01,0,800,0.9050021039128874
333,TY0887,0.99,0.99,Cl,0.01,Ba,56,0.01,1,800,0.6869674710990753
334,TY0888,0.98,0.99,Cl,0.01,Ba,56,0.01,0,800,1.126518216403767
335,TY0889,0.98,0.99,Cl,0.01,Ba,56,0.01,1,800,0.7491074966720209
336,TY0890,0.97,0.99,Cl,0.01,Ba,56,0.01,0,800,1.2369974528042142
337,TY0891,0.97,0.99,Cl,0.01,Ba,56,0.01,1,800,0.8226126840360267
338,TY0892,0.98,0.99,Cl,0.01,Ba,56,0.02,0,800,1.222811168445405
339,TY0893,0.98,0.99,Cl,0.01,Ba,56,0.02,1,800,0.8558985218498578
340,TY0894,0.97,0.99,Cl,0.01,Ba,56,0.02,0,800,1.2036850377554762
341,TY0895,0.97,0.99,Cl,0.01,Ba,56,0.02,1,800,0.806117380407935
342,TY0896,0.96,0.99,Cl,0.01,Ba,56,0.02,0,800,1.3851787958853907
343,TY0897,0.96,0.99,Cl,0.01,Ba,56,0.02,1,800,0.990584093620031
344,TY0898,0.97,0.99,Cl,0.01,Ba,56,0.03,0,800,1.138396148070157
345,TY0899,0.97,0.99,Cl,0.01,Ba,56,0.03,1,800,0.7740946418666039
346,TY0900,0.96,0.99,Cl,0.01,Ba,56,0.03,0,800,1.3740218259246073
347,TY0901,0.96,0.99,Cl,0.01,Ba,56,0.03,1,800,0.967384388061922
348,TY0902,0.95,0.99,Cl,0.01,Ba,56,0.03,0,800,1.6653919288198171
349,TY0903,0.95,0.99,Cl,0.01,Ba,56,0.03,1,800,1.1691569740715435
350,TY0904,0.96,0.99,Cl,0.01,Ba,56,0.04,0,800,1.1547362323136992
351,TY0905,0.96,0.99,Cl,0.01,Ba,56,0.04,1,800,0.8039065232419597
352,TY0906,0.95,0.99,Cl,0.01,Ba,56,0.04,0,800,1.4821611938658306
353,TY0907,0.95,0.99,Cl,0.01,Ba,56,0.04,1,800,1.0939954695963336
354,TY0908,0.95,0.99,Cl,0.01,Ba,56,0.05,0,800,1.355032557532431
355,TY0909,0.95,0.99,Cl,0.01,Ba,56,0.05,1,800,0.9694534617663502
356,TY0910,0.99,0.99,Cl,0.01,Au,79,0.01,0,820,0.9146604963375914
357,TY0911,0.99,0.99,Cl,0.01,Au,79,0.01,1,820,0.609041219635935
358,TY0912,0.98,0.99,Cl,0.01,Au,79,0.01,0,800,1.2573139973423555
359,TY0913,0.98,0.99,Cl,0.01,Au,79,0.01,1,800,0.8952695916681399
360,TY0914,0.97,0.99,Cl,0.01,Au,79,0.01,0,800,1.1437175619150617
361,TY0915,0.97,0.99,Cl,0.01,Au,79,0.01,1,800,0.7849687538550395
362,TY0916,0.99,0.99,Cl,0.01,Hg,80,0.01,0,820,0.7220952830315497
363,TY0917,0.99,0.99,Cl,0.01,Hg,80,0.01,1,820,0.5707538981604867
364,TY0918,0.98,0.99,Cl,0.01,Hg,80,0.01,0,800,1.276426876274103
365,TY0919,0.98,0.99,Cl,0.01,Hg,80,0.01,1,800,0.8828358504978923
366,TY0920,0.97,0.99,Cl,0.01,Hg,80,0.01,0,800,1.2205899732108154
367,TY0921,0.97,0.99,Cl,0.01,Hg,80,0.01,1,800,0.8533749125693681
368,TY0922,0.98,0.99,Cl,0.01,Hg,80,0.02,0,820,1.1294318582601823
369,TY0923,0.98,0.99,Cl,0.01,Hg,80,0.02,1,820,0.7981465772812022
370,TY0924,0.97,0.99,Cl,0.01,Hg,80,0.02,0,800,1.3596015595906432
371,TY0925,0.97,0.99,Cl,0.01,Hg,80,0.02,1,800,1.0698935882213398
372,TY0926,0.96,0.99,Cl,0.01,Hg,80,0.02,0,800,1.606551599862284
373,TY0927,0.96,0.99,Cl,0.01,Hg,80,0.02,1,800,1.2165606373443292
374,TY0928,0.99,0.99,Cl,0.01,Tl,81,0.01,0,800,0.8133175582997298
375,TY0929,0.99,0.99,Cl,0.01,Tl,81,0.01,1,820,0.6375193728635957
376,TY0930,0.98,0.99,Cl,0.01,Tl,81,0.01,0,800,1.2472477405053646
377,TY0931,0.98,0.99,Cl,0.01,Tl,81,0.01,1,800,0.8856632945658337
378,TY0932,0.97,0.99,Cl,0.01,Tl,81,0.01,0,800,1.0479108997800706
379,TY0933,0.97,0.99,Cl,0.01,Tl,81,0.01,1,800,0.7483839705780351
380,TY0934,0.98,0.99,Cl,0.01,Tl,81,0.02,0,800,0.9444861590354364
381,TY0935,0.98,0.99,Cl,0.01,Tl,81,0.02,1,800,0.7020300810343758
382,TY0936,0.97,0.99,Cl,0.01,Tl,81,0.02,0,800,1.146136549058082
383,TY0937,0.97,0.99,Cl,0.01,Tl,81,0.02,1,800,0.8048664743840835
384,TY0938,0.96,0.99,Cl,0.01,Tl,81,0.02,0,800,1.0846542701181257
385,TY0939,0.96,0.99,Cl,0.01,Tl,81,0.02,1,800,0.8022028150960622
386,TY0940,0.97,0.99,Cl,0.01,Tl,81,0.03,0,800,0.9737114693403396
387,TY0941,0.97,0.99,Cl,0.01,Tl,81,0.03,1,800,0.6890089749697621
388,TY0942,0.96,0.99,Cl,0.01,Tl,81,0.03,0,800,1.1468644718102272
389,TY0943,0.96,0.99,Cl,0.01,Tl,81,0.03,1,800,0.8716708904907746
390,TY0944,0.95,0.99,Cl,0.01,Tl,81,0.03,0,800,1.3278903344159927
391,TY0945,0.95,0.99,Cl,0.01,Tl,81,0.03,1,800,0.971732349413726
392,TY0946,0.96,0.99,Cl,0.01,Tl,81,0.04,0,800,1.119834852173924
393,TY0947,0.96,0.99,Cl,0.01,Tl,81,0.04,1,800,0.844445705227784
394,TY0948,0.95,0.99,Cl,0.01,Tl,81,0.04,0,800,1.2000059366128488
395,TY0949,0.95,0.99,Cl,0.01,Tl,81,0.04,1,800,0.9510877503850896
396,TY0950,0.95,0.99,Cl,0.01,Tl,81,0.05,0,800,1.1201846464909837
397,TY0951,0.95,0.99,Cl,0.01,Tl,81,0.05,1,800,0.7943921465964494
398,TY0952,0.99,0.99,Cl,0.01,Pb,82,0.01,0,820,1.042524736415634
399,TY0953,0.99,0.99,Cl,0.01,Pb,82,0.01,1,820,0.7693781905086049
400,TY0954,0.98,0.99,Cl,0.01,Pb,82,0.01,0,800,1.5017002180690018
401,TY0955,0.98,0.99,Cl,0.01,Pb,82,0.01,1,800,1.0110667050906357
402,TY0956,0.97,0.99,Cl,0.01,Pb,82,0.01,0,800,1.4265918173335153
403,TY0957,0.97,0.99,Cl,0.01,Pb,82,0.01,1,800,0.9598979020300696
404,TY0958,0.98,0.99,Cl,0.01,Pb,82,0.02,0,800,1.177631595336938
405,TY0959,0.98,0.99,Cl,0.01,Pb,82,0.02,1,800,0.8139011071064229
406,TY0960,0.97,0.99,Cl,0.01,Pb,82,0.02,0,800,1.75480651549932
407,TY0961,0.97,0.99,Cl,0.01,Pb,82,0.02,1,800,1.1926636334050649
408,TY0962,0.96,0.99,Cl,0.01,Pb,82,0.02,0,800,1.6534383813985525
409,TY0963,0.96,0.99,Cl,0.01,Pb,82,0.02,1,800,1.186476207081316
410,TY0964,0.97,0.99,Cl,0.01,Pb,82,0.03,0,800,1.312443128284251
411,TY0965,0.97,0.99,Cl,0.01,Pb,82,0.03,1,800,0.8783631695892525
412,TY0966,0.96,0.99,Cl,0.01,Pb,82,0.03,0,800,1.54291180482997
413,TY0967,0.96,0.99,Cl,0.01,Pb,82,0.03,1,800,1.19674310475197
414,TY0968,0.95,0.99,Cl,0.01,Pb,82,0.03,0,800,2.026395485588295
415,TY0969,0.95,0.99,Cl,0.01,Pb,82,0.03,1,800,1.453313485492152
416,TY0970,0.96,0.99,Cl,0.01,Pb,82,0.04,0,800,1.3304230847441532
417,TY0971,0.96,0.99,Cl,0.01,Pb,82,0.04,1,800,0.9354656872343496
418,TY0972,0.95,0.99,Cl,0.01,Pb,82,0.04,0,800,1.6990397930909198
419,TY0973,0.95,0.99,Cl,0.01,Pb,82,0.04,1,800,1.3252360608017233
420,TY0974,0.95,0.99,Cl,0.01,Pb,82,0.05,0,800,1.302119003147402
421,TY0975,0.95,0.99,Cl,0.01,Pb,82,0.05,1,800,0.8997832030849787
422,TY0976,0.99,0.99,Cl,0.01,Bi,83,0.01,0,820,0.8894743708853469
423,TY0977,0.99,0.99,Cl,0.01,Bi,83,0.01,1,820,0.6934340126404006
424,TY0978,0.98,0.99,Cl,0.01,Bi,83,0.01,0,820,1.059018589635378
425,TY0979,0.98,0.99,Cl,0.01,Bi,83,0.01,1,820,0.7959476841464772
426,TY0980,0.97,0.99,Cl,0.01,Bi,83,0.01,0,800,0.9399002316626356
427,TY0981,0.97,0.99,Cl,0.01,Bi,83,0.01,1,800,0.713821315067991
428,TY0982,0.98,0.99,Cl,0.01,Bi,83,0.02,0,800,0.8744654764975607
429,TY0983,0.98,0.99,Cl,0.01,Bi,83,0.02,1,800,0.6574103567608355
430,TY0984,0.97,0.99,Cl,0.01,Bi,83,0.02,0,800,0.9636400650609154
431,TY0985,0.97,0.99,Cl,0.01,Bi,83,0.02,1,800,0.7426286772754038
432,TY0986,0.96,0.99,Cl,0.01,Bi,83,0.02,0,800,1.000322081731932
433,TY0987,0.96,0.99,Cl,0.01,Bi,83,0.02,1,800,0.8071268935078207
434,TY0988,0.97,0.99,Cl,0.01,Bi,83,0.03,0,800,0.807470605305828
435,TY0989,0.97,0.99,Cl,0.01,Bi,83,0.03,1,800,0.5438057889231439
436,TY0990,0.96,0.99,Cl,0.01,Bi,83,0.03,0,800,1.1522688191433594
437,TY0991,0.96,0.99,Cl,0.01,Bi,83,0.03,1,800,0.8827430465857454
438,TY0992,0.95,0.99,Cl,0.01,Bi,83,0.03,0,800,1.1502365838374349
439,TY0993,0.95,0.99,Cl,0.01,Bi,83,0.03,1,800,0.88505270660101
440,TY0994,0.96,0.99,Cl,0.01,Bi,83,0.04,0,820,0.8560178601152084
441,TY0995,0.96,0.99,Cl,0.01,Bi,83,0.04,1,800,0.544182271374598
442,TY0996,0.95,0.99,Cl,0.01,Bi,83,0.04,0,820,1.1190449117670371
443,TY0997,0.95,0.99,Cl,0.01,Bi,83,0.04,1,820,0.8260647493924197
444,TY0998,0.95,0.99,Cl,0.01,Bi,83,0.05,0,820,0.883026344601039
445,TY0999,0.95,0.99,Cl,0.01,Bi,83,0.05,1,800,0.6185060169187008
446,TY1000,1.0,0.9801,Cl,0.01,F,9,0.0099,0,760,0.6058338059398993
447,TY1001,1.0,0.9801,Cl,0.01,F,9,0.0099,1,740,0.4788993971961963
448,TY1002,0.99,0.9801,Cl,0.01,F,9,0.0099,0,800,0.7383999913415057
449,TY1003,0.99,0.9801,Cl,0.01,F,9,0.0099,1,800,0.5304691197023658
450,TY1004,0.98,0.9801,Cl,0.01,F,9,0.0099,0,800,1.080384511570281
451,TY1005,0.98,0.9801,Cl,0.01,F,9,0.0099,1,800,0.6997571095172627
452,TY1006,1.0,0.9801,Cl,0.01,S,16,0.0099,0,820,0.9408525380951324
453,TY1007,1.0,0.9801,Cl,0.01,S,16,0.0099,1,820,0.6887335440119632
454,TY1008,0.99,0.9801,Cl,0.01,S,16,0.0099,0,800,1.0216237693176105
455,TY1009,0.99,0.9801,Cl,0.01,S,16,0.0099,1,800,0.7121246443106788
456,TY1010,0.98,0.9801,Cl,0.01,S,16,0.0099,0,800,1.4231175880692943
457,TY1011,0.98,0.9801,Cl,0.01,S,16,0.0099,1,800,0.9432885308070108
458,TY1012,1.0,0.9702,Cl,0.01,S,16,0.0198,0,820,1.0576802908322371
459,TY1013,1.0,0.9702,Cl,0.01,S,16,0.0198,1,820,0.7694467262462382
460,TY1014,0.99,0.9702,Cl,0.01,S,16,0.0198,0,800,1.348347789223259
461,TY1015,0.99,0.9702,Cl,0.01,S,16,0.0198,1,800,0.944865863700484
462,TY1016,0.98,0.9702,Cl,0.01,S,16,0.0198,0,800,1.612362669472686
463,TY1017,0.98,0.9702,Cl,0.01,S,16,0.0198,1,800,1.0600796987978716
464,TY1018,1.0,0.9603,Cl,0.01,S,16,0.0296999999999999,0,820,1.0651438065523866
465,TY1019,1.0,0.9603,Cl,0.01,S,16,0.0296999999999999,1,820,0.7929615920607357
466,TY1020,0.99,0.9603,Cl,0.01,S,16,0.0296999999999999,0,800,1.352355615899654
467,TY1021,0.99,0.9603,Cl,0.01,S,16,0.0296999999999999,1,800,0.9973174092852636
468,TY1022,0.98,0.9603,Cl,0.01,S,16,0.0296999999999999,0,800,1.6566277447384252
469,TY1023,0.98,0.9603,Cl,0.01,S,16,0.0296999999999999,1,800,1.1425916121255464
470,TY1024,1.0,0.9504,Cl,0.01,S,16,0.0396,0,820,1.0732260446104331
471,TY1025,1.0,0.9504,Cl,0.01,S,16,0.0396,1,820,0.7434441627247158
472,TY1026,0.99,0.9504,Cl,0.01,S,16,0.0396,0,800,1.3970837047594689
473,TY1027,0.99,0.9504,Cl,0.01,S,16,0.0396,1,800,0.977903216264102
474,TY1028,1.0,0.9405,Cl,0.01,S,16,0.0495,0,820,1.0329765856315871
475,TY1029,1.0,0.9405,Cl,0.01,S,16,0.0495,1,820,0.7158932887696638
476,TY1030,1.0,0.9801,Cl,0.01,Cl,17,0.0099,0,760,0.6803508348325107
477,TY1031,1.0,0.9801,Cl,0.01,Cl,17,0.0099,1,820,0.5346740158703096
478,TY1032,0.99,0.9801,Cl,0.01,Cl,17,0.0099,0,800,0.8910469769318714
479,TY1033,0.99,0.9801,Cl,0.01,Cl,17,0.0099,1,800,0.6347324386103508
480,TY1034,0.98,0.9801,Cl,0.01,Cl,17,0.0099,0,800,1.1653546835982815
481,TY1035,0.98,0.9801,Cl,0.01,Cl,17,0.0099,1,800,0.7801526276947401
482,TY1036,1.0,0.9702,Cl,0.01,Cl,17,0.0198,0,760,0.7658074292649678
483,TY1037,1.0,0.9702,Cl,0.01,Cl,17,0.0198,1,760,0.6381555240808316
484,TY1038,0.99,0.9702,Cl,0.01,Cl,17,0.0198,0,800,0.8931633531315378
485,TY1039,0.99,0.9702,Cl,0.01,Cl,17,0.0198,1,800,0.6646287927443103
486,TY1040,0.98,0.9702,Cl,0.01,Cl,17,0.0198,0,800,1.2567288388073543
487,TY1041,0.98,0.9702,Cl,0.01,Cl,17,0.0198,1,800,0.8331268054846622
488,TY1042,1.0,0.9603,Cl,0.01,Cl,17,0.0296999999999999,0,760,0.7310920494623204
489,TY1043,1.0,0.9603,Cl,0.01,Cl,17,0.0296999999999999,1,760,0.6711424932961828
490,TY1044,0.99,0.9603,Cl,0.01,Cl,17,0.0296999999999999,0,800,0.8471798764938051
491,TY1045,0.99,0.9603,Cl,0.01,Cl,17,0.0296999999999999,1,800,0.6706558982307309
492,TY1046,0.98,0.9603,Cl,0.01,Cl,17,0.0296999999999999,0,800,1.2776914598836422
493,TY1047,0.98,0.9603,Cl,0.01,Cl,17,0.0296999999999999,1,800,0.8977436761713473
494,TY1048,1.0,0.9504,Cl,0.01,Cl,17,0.0396,0,760,0.857590741012593
495,TY1049,1.0,0.9504,Cl,0.01,Cl,17,0.0396,1,760,0.7207800732815242
496,TY1050,0.99,0.9504,Cl,0.01,Cl,17,0.0396,0,800,0.8832675078585892
497,TY1051,0.99,0.9504,Cl,0.01,Cl,17,0.0396,1,800,0.6703821980615448
498,TY1052,1.0,0.9405,Cl,0.01,Cl,17,0.0495,0,820,0.9184144328755334
499,TY1053,1.0,0.9405,Cl,0.01,Cl,17,0.0495,1,820,0.7581372154746283
500,TY1054,1.0,0.9801,Cl,0.01,Br,35,0.0099,0,820,0.7506943230269718
501,TY1055,1.0,0.9801,Cl,0.01,Br,35,0.0099,1,820,0.5949276430600308
502,TY1056,0.99,0.9801,Cl,0.01,Br,35,0.0099,0,800,1.048413046601982
503,TY1057,0.99,0.9801,Cl,0.01,Br,35,0.0099,1,820,0.7879675456143992
504,TY1058,0.98,0.9801,Cl,0.01,Br,35,0.0099,0,800,1.2894195079791648
505,TY1059,0.98,0.9801,Cl,0.01,Br,35,0.0099,1,800,0.91419309140297
506,TY1060,1.0,0.9702,Cl,0.01,Br,35,0.0198,0,800,0.8367416749612984
507,TY1061,1.0,0.9702,Cl,0.01,Br,35,0.0198,1,760,0.6202990737173669
508,TY1062,0.99,0.9702,Cl,0.01,Br,35,0.0198,0,800,1.0998166989801987
509,TY1063,0.99,0.9702,Cl,0.01,Br,35,0.0198,1,800,0.8341915701597565
510,TY1064,0.98,0.9702,Cl,0.01,Br,35,0.0198,0,800,1.3771356756723632
511,TY1065,0.98,0.9702,Cl,0.01,Br,35,0.0198,1,800,0.976333405488489
512,TY1066,1.0,0.9603,Cl,0.01,Br,35,0.0296999999999999,0,800,0.7250555726167752
513,TY1067,1.0,0.9603,Cl,0.01,Br,35,0.0296999999999999,1,800,0.634019866663816
514,TY1068,0.99,0.9603,Cl,0.01,Br,35,0.0296999999999999,0,800,0.8846811437826773
515,TY1069,0.99,0.9603,Cl,0.01,Br,35,0.0296999999999999,1,800,0.7054890389101337
516,TY1070,0.98,0.9603,Cl,0.01,Br,35,0.0296999999999999,0,800,1.2793876645739
517,TY1071,0.98,0.9603,Cl,0.01,Br,35,0.0296999999999999,1,800,0.9590697464263532
518,TY1072,1.0,0.9504,Cl,0.01,Br,35,0.0396,0,820,0.8457016985201878
519,TY1073,1.0,0.9504,Cl,0.01,Br,35,0.0396,1,820,0.6647508054415237
520,TY1074,0.99,0.9504,Cl,0.01,Br,35,0.0396,0,800,0.9110118609030088
521,TY1075,0.99,0.9504,Cl,0.01,Br,35,0.0396,1,800,0.6994654131888851
522,TY1076,1.0,0.9405,Cl,0.01,Br,35,0.0495,0,820,0.8725065947158148
523,TY1077,1.0,0.9405,Cl,0.01,Br,35,0.0495,1,820,0.6785566874583134
524,TY1078,1.0,0.9801,Cl,0.01,Te,52,0.0099,0,800,1.0364717662314655
525,TY1079,1.0,0.9801,Cl,0.01,Te,52,0.0099,1,800,0.7203911072402515
526,TY1080,0.99,0.9801,Cl,0.01,Te,52,0.0099,0,800,0.9586161518658196
527,TY1081,0.99,0.9801,Cl,0.01,Te,52,0.0099,1,800,0.6797644927773254
528,TY1082,0.98,0.9801,Cl,0.01,Te,52,0.0099,0,800,1.2271773482234334
529,TY1083,0.98,0.9801,Cl,0.01,Te,52,0.0099,1,800,0.8541648860471298
530,TY1084,1.0,0.9702,Cl,0.01,Te,52,0.0198,0,800,1.2289920806691004
531,TY1085,1.0,0.9702,Cl,0.01,Te,52,0.0198,1,800,0.920948542232149
532,TY1086,0.99,0.9702,Cl,0.01,Te,52,0.0198,0,800,1.205753217452693
533,TY1087,0.99,0.9702,Cl,0.01,Te,52,0.0198,1,800,0.8821882785217073
534,TY1088,0.98,0.9702,Cl,0.01,Te,52,0.0198,0,800,1.282714403095275
535,TY1089,0.98,0.9702,Cl,0.01,Te,52,0.0198,1,800,0.896227023021771
536,TY1090,1.0,0.9603,Cl,0.01,Te,52,0.0296999999999999,0,800,1.140504286757454
537,TY1091,1.0,0.9603,Cl,0.01,Te,52,0.0296999999999999,1,800,0.869745839843844
538,TY1092,0.99,0.9603,Cl,0.01,Te,52,0.0296999999999999,0,800,1.252100723113833
539,TY1093,0.99,0.9603,Cl,0.01,Te,52,0.0296999999999999,1,800,0.9484164894209992
540,TY1094,0.98,0.9603,Cl,0.01,Te,52,0.0296999999999999,0,800,1.3594845944977594
541,TY1095,0.98,0.9603,Cl,0.01,Te,52,0.0296999999999999,1,800,1.0311640496764598
542,TY1096,1.0,0.9504,Cl,0.01,Te,52,0.0396,0,800,1.0240316472646256
543,TY1097,1.0,0.9504,Cl,0.01,Te,52,0.0396,1,800,0.8421307896285919
544,TY1098,0.99,0.9504,Cl,0.01,Te,52,0.0396,0,800,1.4484847103332397
545,TY1099,0.99,0.9504,Cl,0.01,Te,52,0.0396,1,800,1.0913905112414717
546,TY1100,1.0,0.9405,Cl,0.01,Te,52,0.0495,0,800,0.9812455875390028
547,TY1101,1.0,0.9405,Cl,0.01,Te,52,0.0495,1,800,0.8145514408873092
548,TY1102,1.0,0.9801,Cl,0.01,I,53,0.0099,0,820,0.7413424550317183
549,TY1103,1.0,0.9801,Cl,0.01,I,53,0.0099,1,820,0.5925464569891439
550,TY1104,0.99,0.9801,Cl,0.01,I,53,0.0099,0,800,1.017400180896234
551,TY1105,0.99,0.9801,Cl,0.01,I,53,0.0099,1,800,0.729794282398674
552,TY1106,0.98,0.9801,Cl,0.01,I,53,0.0099,0,800,1.430041223639578
553,TY1107,0.98,0.9801,Cl,0.01,I,53,0.0099,1,800,0.986061669773386
